.url.,,0,,False,,,0,,5
.novo-aceder.com,,0,0,False,,,0,,16
brgwesazd.acmetoy.com,204.16.169.54,0,7021,False,,[ns1.changeip.com, ns2.changeip.com],0,,21
spycimir.mateusztal.pl,104.21.57.225,0,,False,,,0,403,22
arnold.winitrans.pl,172.67.206.21,0,1,False,,,0,403,19
leopold.jwardecki.pl,172.67.200.225,0,,False,,,0,403,20
szmul.jwardecki.pl,172.67.200.225,0,,False,,,0,403,18
brajan.magmarbis.info.pl,172.67.137.42,0,,False,,,0,403,24
docs.google.com,173.194.193.102,0,9419,True,,,0,200,15
express.adobe.com,99.84.160.31,0,13374,True,,[ns-120.awsdns-15.com, ns-1310.awsdns-35.org, ns-1697.awsdns-20.co.uk, ns-822.awsdns-38.net],0,200,17
.ufjpot.icu,,0,1,False,,,0,,11
.ufjsftr.icu,,0,1,False,,,0,,12
currently-attmailboxupdate-signin.weeblysite.com,199.34.228.96,0,3845,False,,[dns1.p08.nsone.net, dns2.p08.nsone.net, dns3.p08.nsone.net, dns4.p08.nsone.net],0,404,48
currentlyattmail-update-signin.weeblysite.com,199.34.228.96,0,3845,False,,[dns1.p08.nsone.net, dns2.p08.nsone.net, dns3.p08.nsone.net, dns4.p08.nsone.net],0,404,45
wrwkrudmc.weebly.com,199.34.228.53,0,6302,False,,,0,404,20
att-104683.weeblysite.com,199.34.228.96,0,3845,False,,[dns1.p08.nsone.net, dns2.p08.nsone.net, dns3.p08.nsone.net, dns4.p08.nsone.net],0,404,25
att-104683.weeblysite.com,199.34.228.96,0,3845,False,,[dns1.p08.nsone.net, dns2.p08.nsone.net, dns3.p08.nsone.net, dns4.p08.nsone.net],0,404,25
.ufjpubcj.icu,,0,1,False,,,0,,13
n3i3kl.webwave.dev,45.79.147.190,0,1582,True,,,0,200,18
uufjhhdhgfjfjfj.weeblysite.com,199.34.228.96,0,3845,False,,[dns1.p08.nsone.net, dns2.p08.nsone.net, dns3.p08.nsone.net, dns4.p08.nsone.net],0,404,30
rramaz.sa.com,,0,,False,,,0,,13
att-mail-104931.weeblysite.com,199.34.228.96,0,3845,False,,[dns1.p08.nsone.net, dns2.p08.nsone.net, dns3.p08.nsone.net, dns4.p08.nsone.net],0,404,30
karllova.pages.dev,172.66.47.142,0,,False,,[piotr.ns.cloudflare.com, stevie.ns.cloudflare.com],0,404,18
karllova.pages.dev,172.66.47.142,0,,False,,[piotr.ns.cloudflare.com, stevie.ns.cloudflare.com],0,404,18
.cutt.ly,,0,1993,False,,,0,,8
.tesdalnnais.com,,0,1920,False,,,0,,16
.sms-short.pw,,0,2,False,,,0,,13
irs-geovtaxreffsund.berlingaremos.com,162.240.107.205,0,4,True,,,0,200,37
att-105702.weeblysite.com,199.34.228.96,0,3845,False,,[dns1.p08.nsone.net, dns2.p08.nsone.net, dns3.p08.nsone.net, dns4.p08.nsone.net],0,404,25
currentlyattmailboxupdate-109906.weeblysite.com,199.34.228.96,0,3845,False,,[dns1.p08.nsone.net, dns2.p08.nsone.net, dns3.p08.nsone.net, dns4.p08.nsone.net],0,404,47
att-105702.weeblysite.com,199.34.228.96,0,3845,False,,[dns1.p08.nsone.net, dns2.p08.nsone.net, dns3.p08.nsone.net, dns4.p08.nsone.net],0,404,25
sp130729.sitebeat.crazydomains.com,103.67.235.120,0,7871,True,,,0,200,34
sp717749.sitebeat.crazydomains.com,103.67.235.120,0,7871,True,,,0,200,34
sp174321.sitebeat.crazydomains.com,103.67.235.120,0,7871,True,,,0,200,34
sp571512.sitebeat.crazydomains.com,103.67.235.120,0,7871,True,,,0,200,34
sp123299.sitebeat.crazydomains.com,103.67.235.120,0,7871,True,,,0,200,34
sp806424.sitebeat.crazydomains.com,103.67.235.120,0,7871,True,,,0,200,34
sp940383.sitebeat.crazydomains.com,103.67.235.120,0,7871,True,,,0,200,34
rl71xrvh.square.site,199.34.228.39,0,,False,,,0,404,20
docs.google.com,173.194.193.102,0,9419,True,,,0,200,15
momsdeth2023.weeblysite.com,199.34.228.96,0,3845,False,,[dns1.p08.nsone.net, dns2.p08.nsone.net, dns3.p08.nsone.net, dns4.p08.nsone.net],0,404,27
docs.google.com,173.194.193.102,0,9419,True,,,0,200,15
docs.google.com,173.194.193.102,0,9419,True,,,0,200,15
docs.google.com,173.194.193.102,0,9419,True,,,0,200,15
jinonice.pages.dev,,0,,False,,[henry.ns.cloudflare.com, joselyn.ns.cloudflare.com],0,,18
jakub.phurolmax.pl,104.21.77.110,0,,False,,,0,403,18
krzys.sylwiafaber.pl,172.67.215.191,0,,False,,,0,403,20
maurycy.sczekaj.pl,104.21.37.161,0,,False,,,0,403,18
dhdrlssnwh.weebly.com,199.34.228.53,0,6302,False,,,0,404,21
sachaclick.duckdns.org,213.226.123.109,0,,True,,,0,200,22
vintedl765-pols.sleuth.sbs,104.21.12.113,0,,True,,,0,200,26
dazhdbog.jwardecki.pl,172.67.200.225,0,,False,,,0,403,21
tjsp.kdewrf.pl,104.21.86.113,0,,False,,,0,403,14
recepcaoinformativabr.z14.web.core.windows.net,20.150.25.161,0,10186,True,,,0,200,46
emeryth.sobolewski.sklep.pl,172.67.140.91,0,,False,,,0,403,27
branimir.phurolmax.pl,104.21.77.110,0,,False,,,0,403,21
radoslaw.magmarbis.info.pl,172.67.137.42,0,,False,,,0,403,26
filip.balogun.pl,172.67.169.21,0,,False,,,0,403,16
.coinzdrop.top,,0,,False,,,0,,14
.hy8ewq.com,,0,102,False,,,0,,11
pancoldmia.duckdns.org,213.226.123.109,0,,True,,,0,200,22
ixss.xmkkas.pl,104.21.24.233,0,,False,,,0,403,14
.aeonbadnk.jp,,0,,False,,,0,,13
michal.sylwiafaber.pl,172.67.215.191,0,,False,,,0,403,21
.ipfs.io,,0,3331,False,,,0,,8
boyan.sczekaj.pl,104.21.37.161,0,,False,,,0,403,16
volos.jwardecki.pl,172.67.200.225,0,,False,,,0,403,18
szymon.sylwiafaber.pl,172.67.215.191,0,,False,,,0,403,21
hmhs.wwwksk.pl,172.67.184.50,0,,False,,,0,403,14
mercado-pago-segur.comercial.ws,20.66.40.62,0,,False,,[ns2.locaweb.com.br, ns1.locaweb.com.br, ns3.locaweb.com.br],0,404,31
albert.balogun.pl,172.67.169.21,0,,False,,,0,403,17
qmak.jjhdda.pl,104.21.51.9,0,,False,,,0,403,14
nbmryfhdx.weebly.com,199.34.228.53,0,6302,False,,,0,404,20
dawid.mateusztal.pl,172.67.193.21,0,,False,,,0,403,19
stanislav.winitrans.pl,172.67.206.21,0,,False,,,0,403,22
lew.magmarbis.info.pl,104.21.7.184,0,,False,,,0,403,21
recovery-pages2023.000webhostapp.com,145.14.144.23,0,2606,False,,[dns2.000webhost.com, dns1.000webhost.com],0,403,36
.cutt.ly,,0,1993,False,,,0,,8
.codeprojects.org,,0,2409,False,,,0,,17
panel.customer-allinkde.com,104.21.27.40,0,5,False,,,0,403,27
hiky.kdewrf.pl,172.67.218.148,0,,False,,,0,403,14
dee535618242969989565020f160488e.lewoczewicz.pl,172.67.135.91,0,,False,,,0,403,47
dev5383.dsyh2dv0owedm.amplifyapp.com,13.249.85.59,0,1899,True,,,0,200,36
docs.google.com,173.194.193.102,0,9419,True,,,0,200,15
dawid.magmarbis.info.pl,104.21.7.184,0,,False,,,0,403,23
.politrade.com.co,,0,3705,False,,,0,,17
app.getresponse.com,104.160.64.9,0,9035,True,,,0,200,19
.shiningwsperu.com,,0,2039,False,,,0,,18
dev622.d2854fhgvahoz4.amplifyapp.com,3.162.174.15,0,1899,True,,,0,200,36
.cloudflare-ipfs.com,,0,1857,False,,,0,,20
.king-service.info,,0,30,False,,,0,,18
.sarntander.com,,0,13,False,,,0,,15
bafybeidpbl2yjfecexdo2kohmeznkngignfj73jr7ohjhs2q3tjwrzrfne.ipfs.dweb.link,209.94.90.1,0,2317,False,,,0,410,74
bafybeidpbl2yjfecexdo2kohmeznkngignfj73jr7ohjhs2q3tjwrzrfne.ipfs.dweb.link,209.94.90.1,0,2317,False,,,0,410,74
zaloguj.gov-pl.info,,0,4,False,,,0,,19
app.getresponse.com,104.160.64.9,0,9035,True,,,0,200,19
.nestpl.online,,0,0,False,,,0,,14
outlook3-se.weebly.com,199.34.228.53,0,6302,False,,,0,404,22
.alhobani.com,,0,3684,False,,,0,,13
u35293360.ct.sendgrid.net,167.89.115.54,0,5184,False,,,0,404,25
at-t-tn-verify312.webflow.io,151.101.2.188,0,3705,False,,,0,404,28
votre-communicateur-du-fixe-pro.duckdns.org,179.43.162.52,0,,True,,,0,200,43
.urle.me,,0,3784,False,,,0,,8
1ae9i.trk.elasticemail.com,87.98.174.124,0,4825,True,,,0,200,26
www.oppermanadministrations.co.za,169.239.217.27,0,1692,True,,[ns2.cpns.co.za, ns1.cpns.co.za, ns3.cpns.co.za, ns4.cpns.co.za],0,200,33
destek.weblemek.com,46.8.194.19,0,3621,False,,,0,500,19
remittance-2b874b.webflow.io,151.101.2.188,0,3705,False,,,0,404,28
wordpress-1034357-3659357.cloudwaysapps.com,178.128.173.73,0,4195,True,,,0,200,43
.nestpl.online,,0,0,False,,,0,,14
.heritagepowersol.com,,0,1210,False,,,0,,21
.is.gd,,0,,False,,,0,,6
www.psikoterapiflorya.com,104.21.12.3,0,585,True,,,0,200,25
a7p1.short.gy,52.2.56.64,0,890,False,,,0,403,13
.rimuoviportale-app.com,,0,,False,,,0,,23
.rimuoviportale-app.com,,0,,False,,,0,,23
www.psikoterapiflorya.com,104.21.12.3,0,585,True,,,0,200,25
.moeypt.fun,,0,0,False,,,0,,11
app.34-207-127-105.cprapid.com,34.207.127.105,0,1505,True,,,0,200,30
rndh.jjhdda.pl,172.67.216.95,0,,False,,,0,403,14
docs.google.com,173.194.193.102,0,9419,True,,,0,200,15
2mm8mk2wcl9rh7x769tktxegrb9q.barclayis.co,152.32.192.238,0,22,False,,,0,,41
zzgk0bycv8lyxy.barclayis.co,152.32.192.238,0,22,False,,,0,,27
.2csgo-invites.com,,0,0,False,,,0,,18
ripe.localot.top,172.67.220.79,0,,False,,,0,404,16
.2csgo-invites.net,,0,0,False,,,0,,18
pagecommunitydirect236523bi.duckdns.org,,0,,False,,,0,,39
.paribaspl.com,,0,1,False,,,0,,14
bt-dhuayslwu122.weeblysite.com,199.34.228.96,0,3845,False,,[dns1.p08.nsone.net, dns2.p08.nsone.net, dns3.p08.nsone.net, dns4.p08.nsone.net],0,404,30
.paribaspl.com,,0,1,False,,,0,,14
sparka.s-push.com.de,172.67.204.197,0,,False,,,0,,20
sparka.s-push.com.de,104.21.34.119,0,,False,,,0,,20
.nest-pl.online,,0,0,False,,,0,,15
.urlis.net,,0,409,False,,,0,,10
my.income-return.com,34.95.27.235,0,0,True,,,0,200,20
conju.heroon.top,172.67.146.214,0,,False,,,0,404,16
.antai-gouv-paiement-fr.com,,0,0,False,,,0,,27
.jmspza.cc,,0,2,False,,,0,,10
.mecoffeestore.com,,0,103,False,,,0,,18
.digitalusdigit.com,,0,1,False,,,0,,19
rafal.plawiak.nieruchomosci.pl,172.67.168.194,0,,False,,,0,403,30
.lukacadez.com,,0,4648,False,,,0,,14
.trustipay.online,,0,2,False,,,0,,17
3920485a9cf9079d1c5ee53619d34ba2.curalosa.pl,104.21.25.223,0,,False,,,0,403,44
jmpqrsklld.duckdns.org,103.80.134.47,0,,False,,,0,,22
jpoznvrykp.duckdns.org,103.80.134.47,0,,False,,,0,,22
jyabcayokh.duckdns.org,103.80.134.47,0,,False,,,0,,22
mercado-pago-segur.comercial.ws,20.66.40.62,0,,False,,[ns2.locaweb.com.br, ns1.locaweb.com.br, ns3.locaweb.com.br],0,404,31
.bovipak.com,,0,908,False,,,0,,12
.ipfs.io,,0,3331,False,,,0,,8
873482418024-29jungspl.start.page,104.18.25.210,0,835,True,,,0,200,33
support-page2023.start.page,104.18.24.210,0,835,True,,,0,200,27
.coinngecko.net,,0,49,False,,,0,,15
gdftsttsnet.page.link,173.194.194.132,0,2331,False,,,0,400,21
dev4273.d1t630dmtcbvv9.amplifyapp.com,99.84.160.121,0,1899,True,,,0,200,37
app-jumbekatebrsan7823902801324.acrsreqpog-ez94deewq3mr.p.temp-site.link,165.22.182.130,0,332,False,,,0,,72
app-joepan740127329435758.acrsreqpog-ez94deewq3mr.p.temp-site.link,165.22.182.130,0,332,False,,,0,,66
dev1818.d3m09up9nr058e.amplifyapp.com,108.156.91.24,0,1899,True,,,0,200,37
.mczcpxh.com,,0,237,False,,,0,,12
.sousoumbai.com,,0,237,False,,,0,,15
dev1638.dn2y1qa38j72p.amplifyapp.com,18.172.134.59,0,1899,True,,,0,200,36
dev7134.d3dalka88ztq1c.amplifyapp.com,99.84.160.58,0,1899,True,,,0,200,37
bafybeifnsgfz2qxc5t6nlonvb44zufhrtpps4tpdagnkdfakkq63rtokci.ipfs.dweb.link,209.94.90.1,0,2317,True,,,0,200,74
bafybeifnsgfz2qxc5t6nlonvb44zufhrtpps4tpdagnkdfakkq63rtokci.ipfs.dweb.link,209.94.90.1,0,2317,True,,,0,200,74
.jssanchangv.com,,0,210,False,,,0,,16
.zjfcesa.com,,0,210,False,,,0,,12
dev3213.d2p3aoq29ff5pg.amplifyapp.com,18.172.134.108,0,1899,True,,,0,200,37
.ddmerw.com,,0,211,False,,,0,,11
dev4096.d3afiixm7er40n.amplifyapp.com,18.172.134.56,0,1899,True,,,0,200,37
.huanxingedue.com,,0,237,False,,,0,,17
.szshishangl.com,,0,237,False,,,0,,16
smartify.infura-ipfs.io,54.227.105.66,0,1247,False,,,0,400,23
.verifica-bancaprogetto.com,,0,2,False,,,0,,27
.bjycsyp.com,,0,237,False,,,0,,12
dev2596.d2pkr5yx3x8kut.amplifyapp.com,18.160.200.47,0,1899,True,,,0,200,37
cj95121.tw1.ru,5.23.50.56,0,6209,False,,[ns3.timeweb.org, ns2.timeweb.ru, ns4.timeweb.org, ns1.timeweb.ru],0,,14
.ipfs.io,,0,3331,False,,,0,,8
.alpha-looksrare.org,,0,2,False,,,0,,20
bafybeibxr65jjla6om5p2ibrlrhl6bftpey64wgm5ohkpvnbvlkpbysbwy.ipfs.dweb.link,209.94.90.1,0,2317,True,,,0,200,74
bafybeibxr65jjla6om5p2ibrlrhl6bftpey64wgm5ohkpvnbvlkpbysbwy.ipfs.dweb.link,209.94.90.1,0,2317,True,,,0,200,74
bafybeidsl7jbv4oarfv6xjakwniyoasdktws7pcqb65y2qvox2biacroxy.ipfs.dweb.link,209.94.90.1,0,2317,True,,,0,200,74
bafybeidsl7jbv4oarfv6xjakwniyoasdktws7pcqb65y2qvox2biacroxy.ipfs.dweb.link,209.94.90.1,0,2317,True,,,0,200,74
bafybeigilh7ppwgsyqthc7s73nevwcssjohrhd2e6azps2x3ut6pqhidqm.ipfs.dweb.link,209.94.90.1,0,2317,False,,,0,410,74
.urle.me,,0,3784,False,,,0,,8
wkmvhb.25u.com,204.16.169.54,0,7327,False,,[ns2.changeip.com, ns1.changeip.com],0,,14
.portalsolicitudreactiva.site,,0,,False,,,0,,29
wordpress-1034357-3655681.cloudwaysapps.com,178.128.173.73,0,4195,True,,,0,200,43
.appsally.vip,,0,,False,,,0,,13
.jpaeonshdger.top,,0,,False,,,0,,17
smartify.infura-ipfs.io,54.227.105.66,0,1247,False,,,0,400,23
wordpress-1034357-3655681.cloudwaysapps.com,178.128.173.73,0,4195,True,,,0,200,43
cw92020.tw1.ru,5.23.50.56,0,6209,False,,[ns2.timeweb.ru, ns4.timeweb.org, ns1.timeweb.ru, ns3.timeweb.org],0,,14
.chevy.ru,,0,7805,False,,,0,,9
cw92020.tw1.ru,5.23.50.56,0,6209,False,,[ns2.timeweb.ru, ns4.timeweb.org, ns1.timeweb.ru, ns3.timeweb.org],0,,14
cz82534.tw1.ru,5.23.50.56,0,6209,False,,[ns3.timeweb.org, ns1.timeweb.ru, ns2.timeweb.ru, ns4.timeweb.org],0,,14
.interprestamosdigital.shop,,0,1,False,,,0,,27
cz82534.tw1.ru,5.23.50.56,0,6209,False,,[ns3.timeweb.org, ns1.timeweb.ru, ns2.timeweb.ru, ns4.timeweb.org],0,,14
.smbc-csfa.shop,,0,2,False,,,0,,15
.qujat.kz,,0,,False,,,0,,9
.hnktjzgce.com,,0,233,False,,,0,,14
cz82534.tw1.ru,5.23.50.56,0,6209,False,,[ns2.timeweb.ru, ns1.timeweb.ru, ns4.timeweb.org, ns3.timeweb.org],0,,14
.steamcomminunity.ru,,0,1,False,,,0,,20
.cloudflare-ipfs.com,,0,1857,False,,,0,,20
.hoegaatdat.com,,0,351,False,,,0,,15
.hqcbdofficer.com,,0,233,False,,,0,,17
.jjpowero.com,,0,231,False,,,0,,13
bafybeigilh7ppwgsyqthc7s73nevwcssjohrhd2e6azps2x3ut6pqhidqm.ipfs.dweb.link,209.94.90.1,0,2317,False,,,0,410,74
.pay-payid17.jp,,0,,False,,,0,,15
.pay-paydns78.jp,,0,,False,,,0,,16
.dfdhhdl98km.shop,,0,0,False,,,0,,17
.srtdxtw8iom.shop,,0,0,False,,,0,,17
.sdhiwdn96.shop,,0,0,False,,,0,,15
.srtsngpl.shop,,0,0,False,,,0,,14
.uufhhmfj.shop,,0,0,False,,,0,,14
ing.es-accesosacuenta.info,,0,1,False,,,0,,26
customer-api-nab.goto-myapp.com,,0,98,False,,,0,,31
co42204.tw1.ru,5.23.50.56,0,6209,False,,[ns1.timeweb.ru, ns3.timeweb.org, ns2.timeweb.ru, ns4.timeweb.org],0,,14
bt101t.weebly.com,199.34.228.53,0,6302,False,,,0,404,17
bafybeidsl7jbv4oarfv6xjakwniyoasdktws7pcqb65y2qvox2biacroxy.ipfs.dweb.link,209.94.90.1,0,2317,True,,,0,200,74
mail.freefireyeulhqi.vip-new078.icu,104.21.81.40,0,24,False,,,0,,35
wp.n8p4p.kingdomwellness.co.za,102.130.117.29,0,4258,True,,,0,200,30
cq21221.tw1.ru,5.23.50.56,0,6209,False,,[ns1.timeweb.ru, ns2.timeweb.ru, ns4.timeweb.org, ns3.timeweb.org],0,,14
app.exodus.com.kmsamundieng.com,194.163.130.247,0,1779,True,,,0,200,31
.correos-go-cr.icu,,0,3,False,,,0,,18
.dhlglobalisligisztika.com,,0,3,False,,,0,,26
.correos-cr.icu,,0,2,False,,,0,,15
ing.es-accesosacuenta.info,,0,1,False,,,0,,26
b1bank.my365office.com,159.246.29.210,0,2604,True,,,0,200,22
.hardbin.com,,0,2237,False,,,0,,12
.shrapnel.online,,0,,False,,,0,,16
b1bank.my365office.com,159.246.29.210,0,2604,True,,,0,200,22
come.co.jp.ryinww.cn,34.146.202.60,0,210,False,,,0,,20
sumbc.co.jp.shganjin.cn,34.146.202.60,0,210,False,,,0,,23
bafybeidsl7jbv4oarfv6xjakwniyoasdktws7pcqb65y2qvox2biacroxy.ipfs.dweb.link,209.94.90.1,0,2317,True,,,0,200,74
smbcc.co.jp.wkkjyy.cn,34.146.202.60,0,210,False,,,0,,21
.allrepair.fr,,0,2459,False,,,0,,13
poised-ablaze-leaf.glitch.me,3.219.206.69,0,,False,,,0,403,28
sparka.pushagbs.com.de,,0,,False,,,0,,22
.correosb-cr.icu,,0,2,False,,,0,,16
sparka.pushagbs.com.de,,0,,False,,,0,,22
.rebrand.ly,,0,3212,False,,,0,,11
script.google.com,142.251.6.102,0,9419,True,,,0,200,17
.tinyurl.com,,0,7824,False,,,0,,12
.apple-portal-act-support-online.com,,0,16,False,,,0,,36
.apple-portal-act-support-online.com,,0,16,False,,,0,,36
.1lnch.live,,0,,False,,,0,,11
checker0.dns.army,151.236.24.8,0,,True,,[ns1.dynv6.com, ns2.dynv6.com, ns3.dynv6.com],0,200,17
script.google.com,142.251.6.102,0,9419,True,,,0,200,17
netflix.weslieh.top,,0,,False,,,0,,19
noname.d23yz55zc2lbm1.amplifyapp.com,18.160.225.34,0,1899,True,,,0,200,36
flitlitegod.duckdns.org,72.5.34.118,0,,True,,,0,200,23
flitlitegod.duckdns.org,72.5.34.118,0,,True,,,0,200,23
wetransfer-authr.website.yandexcloud.net,213.180.193.247,0,,True,,,0,200,40
vps300638.ispsite.ru,138.124.182.94,0,1548,True,,,0,200,20
www.mojgov-pl.online,,0,1,False,,,0,,20
dev3980.d3f2ljha8mgsgd.amplifyapp.com,18.172.134.86,0,1899,True,,,0,200,37
www.mojgov-pl.online,,0,1,False,,,0,,20
.mojgov-pl.online,,0,1,False,,,0,,17
.mojgov-pl.online,,0,1,False,,,0,,17
.danlipagos.net,,0,967,False,,,0,,15
attmailer9.wixsite.com,34.117.60.144,0,,False,,,0,404,22
co89054.tw1.ru,5.23.50.56,0,6209,False,,[ns3.timeweb.org, ns2.timeweb.ru, ns1.timeweb.ru, ns4.timeweb.org],0,,14
97835465768756--usuarioycuenta8.repl.co,34.149.204.188,0,,False,,,0,404,39
verifikasipembloki35.wixsite.com,34.117.60.144,0,,False,,,0,404,32
.hardbin.com,,0,2237,False,,,0,,12
bafybeie62gep6gtzgn7e7khfgjomeobitgzyt2alueyx2c6xg3q5ftsssy.ipfs.dweb.link,209.94.90.1,0,2317,False,,,0,410,74
bafybeie62gep6gtzgn7e7khfgjomeobitgzyt2alueyx2c6xg3q5ftsssy.ipfs.dweb.link,209.94.90.1,0,2317,False,,,0,410,74
grupwhatsappterbarunew.emans.work.gd,109.123.232.238,0,,True,,[ns11.dnsexit.com, ns13.dnsexit.com, ns12.dnsexit.com, ns10.dnsexit.com],0,200,36
ytytbcvvczxcczx8181.000webhostapp.com,145.14.144.8,0,2606,False,,[dns2.000webhost.com, dns1.000webhost.com],0,403,37
c2pfcm.fartit.com,204.16.169.54,0,8130,False,,[ns2.changeip.com, ns1.changeip.com],0,,17
mail.freefiredpijbwx.vip-new078.icu,104.21.81.40,0,24,False,,,0,,35
europe-central2-intense-reactor-383500.cloudfunctions.net,216.239.36.54,0,,False,,,0,404,57
europe-central2-intense-reactor-383500.cloudfunctions.net,216.239.36.54,0,,False,,,0,404,57
smartify.infura-ipfs.io,54.227.105.66,0,1247,False,,,0,400,23
.thint.news,,0,,False,,,0,,11
global.go-ref.com,92.205.6.58,0,14,True,,,0,200,17
silahkan-konfirmasi-akun-anda088.weeblysite.com,199.34.228.96,0,3845,False,,[dns1.p08.nsone.net, dns2.p08.nsone.net, dns3.p08.nsone.net, dns4.p08.nsone.net],0,404,47
app.getresponse.com,104.160.64.9,0,9035,True,,,0,200,19
cuscatlanactivarcuentadigital86343.weebly.com,199.34.228.53,0,6302,False,,,0,404,45
www.hoppermembers.com,8.210.223.145,0,1,True,,,0,200,21
www.stoneandtilefloorcleaning.co.uk,37.220.100.111,0,1436,True,,,0,200,35
www.stoneandtilefloorcleaning.co.uk,37.220.100.111,0,1436,True,,,0,200,35
mail.freefireejgkflj.vip-new078.icu,172.67.138.24,0,24,False,,,0,,35
mediacenter.tqniait.com,172.67.143.1,0,1997,True,,,0,200,23
www.selec.net.pe,200.58.111.35,0,,True,,[ns3.hostmar.com, ns4.hostmar.com],0,200,16
app.getresponse.com,104.160.64.9,0,9035,True,,,0,200,19
x.correos-cr-go.cc,104.21.16.76,0,2,True,,,0,200,18
www.selec.net.pe,200.58.111.35,0,,True,,[ns3.hostmar.com, ns4.hostmar.com],0,200,16
www.tigalbranding.com,50.62.184.7,0,1783,True,,[ns75.domaincontrol.com, ns76.domaincontrol.com],0,200,21
x.correos-cr-go.cc,104.21.16.76,0,2,True,,,0,200,18
nmgq4g.dns05.com,204.16.169.54,0,8135,False,,[ns2.changeip.com, ns1.changeip.com],0,,16
.134.122.188.186.,,0,,False,,,0,,17
.smbc-ssfa.shop,,0,,False,,,0,,15
www.snowdogs.co.za,129.232.138.119,0,5807,False,,,0,503,18
www.theaceaffairs.com,217.21.94.27,0,218,False,,[ns2.dns-parking.com, ns1.dns-parking.com],0,500,21
.152.32.192.238.,,0,,False,,,0,,16
bnl.194-180-48-16.cprapid.com,194.180.48.16,0,1505,False,,,0,,29
kgcyxtigca.duckdns.org,103.80.134.47,0,,False,,,0,,22
kggfcsqqst.duckdns.org,103.80.134.47,0,,False,,,0,,22
ugde.magichecoccole.com,45.66.230.17,0,2849,False,,,0,,23
kheddrppml.duckdns.org,103.80.134.47,0,,False,,,0,,22
kyvrnjfcsp.duckdns.org,103.80.134.47,0,,False,,,0,,22
khihxvsrom.duckdns.org,103.80.134.47,0,,False,,,0,,22
kiifdtrpml.duckdns.org,103.80.134.47,0,,False,,,0,,22
aeo.cnpbc.com.cn,204.44.98.39,0,,False,,,0,,16
lhdawwliee.duckdns.org,103.80.134.47,0,,False,,,0,,22
lhebrnnkhd.duckdns.org,103.80.134.47,0,,False,,,0,,22
ib12bradlesco.dynv6.net,,0,,False,,,0,,23
.foxdicty.com,,0,231,False,,,0,,13
.erreur-logistique.com,,0,16,False,,,0,,22
fwfwnhm0eclcvormvbpcqol.barclayis.co,152.32.192.238,0,22,False,,,0,,36
9888887-99.000webhostapp.com,145.14.144.186,0,2606,False,,[dns2.000webhost.com, dns1.000webhost.com],0,403,28
www.hnktjzgce.com,,0,233,False,,,0,,17
.junjingsail.com,,0,234,False,,,0,,16
jqhbaogja.barclayis.co,152.32.192.238,0,22,False,,,0,,22
5w5tjp.barclayis.co,152.32.192.238,0,22,False,,,0,,19
5w5tjp.barclayis.co,152.32.192.238,0,22,False,,,0,,19
ddyoabraurtsqcn.barclayis.co,152.32.192.238,0,22,False,,,0,,28
.energytrendr.com,,0,231,False,,,0,,17
www.hqcbdofficer.com,,0,233,False,,,0,,20
.liushijiazup.com,,0,231,False,,,0,,17
smbc-cord.com.jptokyo.top,154.204.43.79,0,,False,,,0,,25
.aeonbaick.jp,,0,,False,,,0,,13
.beihaitingg.com,,0,234,False,,,0,,16
jqhbaogja.barclayis.co,152.32.192.238,0,22,False,,,0,,22
.aeonnbank.jp,,0,,False,,,0,,13
auievhw6k5cs6yv8a.barclayis.co,152.32.192.238,0,22,False,,,0,,30
script.google.com,142.251.6.102,0,9419,True,,,0,200,17
vthpsxu6evzd.barclayis.co,152.32.192.238,0,22,False,,,0,,25
vthpsxu6evzd.barclayis.co,152.32.192.238,0,22,False,,,0,,25
bleckoinbusiqogatorrss.updharmadown.com,192.254.184.247,0,5448,False,,,0,406,39
sites.google.com,173.194.194.138,0,9419,True,,,0,200,16
xvplsbvcn.barclayis.co,152.32.192.238,0,22,False,,,0,,22
viacred.acessoempresarial.com,,0,1,False,,,0,,29
www.amazncomcodes.com,108.177.112.121,0,429,True,,,0,200,21
according-meone.firebaseapp.com,199.36.158.100,0,,True,,,0,200,31
according-meone.web.app,199.36.158.100,0,,True,,,0,200,23
apealsupportfeedback.firebaseapp.com,199.36.158.100,0,,True,,,0,200,36
.ipfs.io,,0,3331,False,,,0,,8
xvplsbvcn.barclayis.co,152.32.192.238,0,22,False,,,0,,22
ban-dro.firebaseapp.com,199.36.158.100,0,,True,,,0,200,23
apealsupportfeedback.web.app,199.36.158.100,0,,True,,,0,200,28
ban-dro.web.app,199.36.158.100,0,,True,,,0,200,15
bdinkoli245.firebaseapp.com,199.36.158.100,0,,True,,,0,200,27
bdinkoli245.web.app,199.36.158.100,0,,True,,,0,200,19
barsa3w.firebaseapp.com,199.36.158.100,0,,False,,,0,404,23
rayahajii.000webhostapp.com,145.14.144.186,0,2606,False,,[dns2.000webhost.com, dns1.000webhost.com],0,403,27
barsa3w.web.app,199.36.158.100,0,,False,,,0,404,15
express.adobe.com,99.84.160.31,0,13374,True,,[ns-120.awsdns-15.com, ns-1310.awsdns-35.org, ns-1697.awsdns-20.co.uk, ns-822.awsdns-38.net],0,200,17
business-234977.web.app,199.36.158.100,0,,False,,,0,404,23
business-234977.firebaseapp.com,199.36.158.100,0,,False,,,0,404,31
dgdgdgwgwwgwg.000webhostapp.com,145.14.144.186,0,2606,False,,[dns2.000webhost.com, dns1.000webhost.com],0,403,31
ch-sbb.web.app,199.36.158.100,0,,True,,,0,200,14
ch-sbb.firebaseapp.com,199.36.158.100,0,,True,,,0,200,22
business-solution-hub.firebaseapp.com,199.36.158.100,0,,False,,,0,404,37
1ra01jnx5ht8hetkgvdewcxvyil3.barclayis.co,152.32.192.238,0,22,False,,,0,,41
1ra01jnx5ht8hetkgvdewcxvyil3.barclayis.co,152.32.192.238,0,22,False,,,0,,41
chat-whtsapp-com.firebaseapp.com,199.36.158.100,0,,True,,,0,200,32
chat-whtsapp-com.web.app,199.36.158.100,0,,True,,,0,200,24
business-solution-hub.web.app,199.36.158.100,0,,False,,,0,404,29
demainseralemeilleur.firebaseapp.com,199.36.158.100,0,,True,,,0,200,36
chio8c.web.app,199.36.158.100,0,,False,,,0,404,14
chio8c.firebaseapp.com,199.36.158.100,0,,False,,,0,404,22
direction-general.web.app,199.36.158.100,0,,True,,,0,200,25
ersenwe-43257.firebaseapp.com,199.36.158.100,0,,True,,,0,200,29
demainseralemeilleur.web.app,199.36.158.100,0,,True,,,0,200,28
emaily3lm84n.web.app,199.36.158.100,0,,True,,,0,200,20
excel1-fc227.web.app,199.36.158.100,0,,True,,,0,200,20
emaily3lm84n.firebaseapp.com,199.36.158.100,0,,True,,,0,200,28
ersenwe-43257.web.app,199.36.158.100,0,,True,,,0,200,21
excel1-fc227.firebaseapp.com,199.36.158.100,0,,True,,,0,200,28
dmane-caught.web.app,199.36.158.100,0,,True,,,0,200,20
fb-help-id3654892662.firebaseapp.com,199.36.158.100,0,,False,,,0,404,36
famade-reliane.web.app,199.36.158.100,0,,True,,,0,200,22
gene-directioned.firebaseapp.com,199.36.158.100,0,,True,,,0,200,32
fb-help-id3654892662.web.app,199.36.158.100,0,,False,,,0,404,28
feedback-recoverformappeal.firebaseapp.com,199.36.158.100,0,,False,,,0,404,42
fb-helpcenter-id8618412394.firebaseapp.com,199.36.158.100,0,,False,,,0,404,42
gene-directioned.web.app,199.36.158.100,0,,True,,,0,200,24
feedbaclappealerus.firebaseapp.com,199.36.158.100,0,,False,,,0,404,34
feedbaclappealerus.web.app,199.36.158.100,0,,False,,,0,404,26
getsoftdwnservicefr.web.app,199.36.158.100,0,,True,,,0,200,27
z.barclayis.co,152.32.192.238,0,22,False,,,0,,14
feedback-recoverformappeal.web.app,199.36.158.100,0,,False,,,0,404,34
fb-helpcenter-id8618412394.web.app,199.36.158.100,0,,False,,,0,404,34
getsoftdwnservicefr.firebaseapp.com,199.36.158.100,0,,True,,,0,200,35
help-center-id5789231842.firebaseapp.com,199.36.158.100,0,,True,,,0,200,40
ibst8-u.firebaseapp.com,199.36.158.100,0,,True,,,0,200,23
help-center-id5789231842.web.app,199.36.158.100,0,,True,,,0,200,32
index-carrefour.firebaseapp.com,199.36.158.100,0,,True,,,0,200,31
info-posturinn.firebaseapp.com,199.36.158.100,0,,True,,,0,200,30
.nue-kajoepue5lmv.my.id,,0,2,False,,,0,,23
ibst8-u.web.app,199.36.158.100,0,,True,,,0,200,15
1iodk2di2fsdntbrlxcmrmr.barclayis.co,152.32.192.238,0,22,False,,,0,,36
helpid-center-18.firebaseapp.com,199.36.158.100,0,,False,,,0,404,32
helpid-center-18.web.app,199.36.158.100,0,,False,,,0,404,24
www.jjpowero.com,204.44.75.99,0,231,False,,,0,403,16
inboundquarantine-c2e30.firebaseapp.com,199.36.158.100,0,,False,,,0,404,39
info-posturinn.web.app,199.36.158.100,0,,True,,,0,200,22
index-carrefour.web.app,199.36.158.100,0,,True,,,0,200,23
inboundquarantine-c2e30.web.app,199.36.158.100,0,,False,,,0,404,31
vi26i8ucqgetgf.barclayis.co,152.32.192.238,0,22,False,,,0,,27
khtomaill.web.app,199.36.158.100,0,,True,,,0,200,17
khtomaill.firebaseapp.com,199.36.158.100,0,,True,,,0,200,25
ixsef8.firebaseapp.com,199.36.158.100,0,,False,,,0,404,22
lov14l.firebaseapp.com,199.36.158.100,0,,False,,,0,404,22
ixsef8.web.app,199.36.158.100,0,,False,,,0,404,14
meta-account-help-casee.web.app,199.36.158.100,0,,False,,,0,404,31
meta-account-help-casee.firebaseapp.com,199.36.158.100,0,,False,,,0,404,39
meta-business-case-ad336.firebaseapp.com,199.36.158.100,0,,False,,,0,404,40
lov14l.web.app,199.36.158.100,0,,False,,,0,404,14
meta-business-case-cbacd.web.app,199.36.158.100,0,,False,,,0,404,32
meta-business-case-32235.firebaseapp.com,199.36.158.100,0,,False,,,0,404,40
meta-business-case-32235.web.app,199.36.158.100,0,,False,,,0,404,32
gldzn4epnkbvlyw.barclayis.co,152.32.192.238,0,22,False,,,0,,28
d1ynghu24.barclayis.co,152.32.192.238,0,22,False,,,0,,22
meta-business-case-cbacd.firebaseapp.com,199.36.158.100,0,,False,,,0,404,40
meta-business-helpcenter-11694.firebaseapp.com,199.36.158.100,0,,True,,,0,200,46
meta-business-helpcenter-11694.web.app,199.36.158.100,0,,True,,,0,200,38
meta-business-case-ee60e.firebaseapp.com,199.36.158.100,0,,False,,,0,404,40
meta-business-case-dfddb.firebaseapp.com,199.36.158.100,0,,False,,,0,404,40
meta-business-case-dfddb.web.app,199.36.158.100,0,,False,,,0,404,32
meta-business-case-ee60e.web.app,199.36.158.100,0,,False,,,0,404,32
cff04ead.barclayis.co,152.32.192.238,0,22,False,,,0,,21
meta-business-case-ad336.web.app,199.36.158.100,0,,False,,,0,404,32
meta-business-suite-f5bf1.firebaseapp.com,199.36.158.100,0,,False,,,0,404,41
meta-business-suite-f5bf1.web.app,199.36.158.100,0,,False,,,0,404,33
meta-businesses-support-783ab.firebaseapp.com,199.36.158.100,0,,False,,,0,404,45
meta-businesses-support-4b9ed.firebaseapp.com,199.36.158.100,0,,False,,,0,404,45
meta-for-business-case-2a57a.firebaseapp.com,199.36.158.100,0,,False,,,0,404,44
meta-businesses-support-4b9ed.web.app,199.36.158.100,0,,False,,,0,404,37
meta-businesses-support-f84d5.firebaseapp.com,199.36.158.100,0,,False,,,0,404,45
meta-fb-bussiness-ads-9cbbf.firebaseapp.com,199.36.158.100,0,,False,,,0,404,43
meta-for-business-case-3c87c.firebaseapp.com,199.36.158.100,0,,False,,,0,404,44
meta-help-center-8a571.firebaseapp.com,199.36.158.100,0,,True,,,0,200,38
meta-businesses-support-f84d5.web.app,199.36.158.100,0,,False,,,0,404,37
meta-businesses-support-783ab.web.app,199.36.158.100,0,,False,,,0,404,37
5x7uixluy4gzdxumajxnac.barclayis.co,152.32.192.238,0,22,False,,,0,,35
meta-for-business-case-2a57a.web.app,199.36.158.100,0,,False,,,0,404,36
meta-for-business-case-3c87c.web.app,199.36.158.100,0,,False,,,0,404,36
meta-help-center-8a571.web.app,199.36.158.100,0,,True,,,0,200,30
meta-fb-bussiness-ads-9cbbf.web.app,199.36.158.100,0,,False,,,0,404,35
9jrsusb0oozhnxtqg3fnabx.barclayis.co,152.32.192.238,0,22,False,,,0,,36
meta-for-business-case-67669.firebaseapp.com,199.36.158.100,0,,False,,,0,404,44
network-solutions-center.firebaseapp.com,199.36.158.100,0,,True,,,0,200,40
meta-for-business-case-67669.web.app,199.36.158.100,0,,False,,,0,404,36
bxrfxklbmz75qc0hey2j.barclayis.co,152.32.192.238,0,22,False,,,0,,33
nomprce.firebaseapp.com,199.36.158.100,0,,False,,,0,404,23
nomprce.web.app,199.36.158.100,0,,False,,,0,404,15
onedrivefiles0099999887.web.app,199.36.158.100,0,,False,,,0,404,31
network-solutions-center.web.app,199.36.158.100,0,,True,,,0,200,32
stimirs.web.app,199.36.158.100,0,,True,,,0,200,15
soitprudentemerci.firebaseapp.com,199.36.158.100,0,,True,,,0,200,33
onedrivefiles0099999887.firebaseapp.com,199.36.158.100,0,,False,,,0,404,39
soitprudentemerci.web.app,199.36.158.100,0,,True,,,0,200,25
.47.74.3.116.,,0,,False,,,0,,13
page-help-case-85ed8.firebaseapp.com,199.36.158.100,0,,False,,,0,404,36
page-help-case-85ed8.web.app,199.36.158.100,0,,False,,,0,404,28
renew-ticket.firebaseapp.com,199.36.158.100,0,,False,,,0,404,28
si2-abf.web.app,199.36.158.100,0,,False,,,0,404,15
si2-abf.firebaseapp.com,199.36.158.100,0,,False,,,0,404,23
stimlirs.firebaseapp.com,199.36.158.100,0,,True,,,0,200,24
renew-ticket.web.app,199.36.158.100,0,,False,,,0,404,20
u82737-2744.web.app,199.36.158.100,0,,True,,,0,200,19
stimulirs.web.app,199.36.158.100,0,,True,,,0,200,17
u82737-2744.firebaseapp.com,199.36.158.100,0,,True,,,0,200,27
.skinsbarons.phd,,0,,False,,,0,,16
.skinsbarons.phd,,0,,False,,,0,,16
support-business-4de19.firebaseapp.com,199.36.158.100,0,,False,,,0,404,38
tuir4e.firebaseapp.com,199.36.158.100,0,,False,,,0,404,22
stimlirs.web.app,199.36.158.100,0,,True,,,0,200,16
vcs3er.web.app,199.36.158.100,0,,True,,,0,200,14
tuir4e.web.app,199.36.158.100,0,,False,,,0,404,14
.shaoyang6.top,,0,,False,,,0,,14
vcs3er.firebaseapp.com,199.36.158.100,0,,True,,,0,200,22
support-business-4de19.web.app,199.36.158.100,0,,False,,,0,404,30
.mqyibin.top,,0,,False,,,0,,12
.sjbae.top,,0,,False,,,0,,10
v7dsaz.firebaseapp.com,199.36.158.100,0,,False,,,0,404,22
v7dsaz.web.app,199.36.158.100,0,,False,,,0,404,14
.shaoyang6.top,,0,,False,,,0,,14
.vallettaferryservices.com,,0,6253,False,,,0,,26
6eccgamj7sm22n.barclayis.co,152.32.192.238,0,22,False,,,0,,27
.sjbae.top,,0,,False,,,0,,10
aruba-servizi.serveftp.com,0.0.0.0,0,,False,,,0,,26
aruba-servizi.serveftp.com,0.0.0.0,0,,False,,,0,,26
.huangshi2.top,,0,,False,,,0,,14
.mqyibin.top,,0,,False,,,0,,12
a2848284r.giize.com,,0,,False,,,0,,19
.huangshi2.top,,0,,False,,,0,,14
.careautospa.com,,0,470,False,,,0,,16
viacredi.acessoempresarial.com,,0,1,False,,,0,,30
app-jacobson67349679823747234.jjmklfxw1j-v1p3zkk7j3ye.p.temp-site.link,,0,332,False,,,0,,70
.seupontositavalerpassagens.site,,0,,False,,,0,,32
bwtescr34.youdontcare.com,204.16.169.54,0,8201,False,,[ns2.changeip.com, ns1.changeip.com],0,,25
ky7ywv.barclayis.co,152.32.192.238,0,22,False,,,0,,19
usuarioinformativoa1.z19.web.core.windows.net,20.209.19.199,0,10186,True,,,0,200,45
.spkkskfinanzgruppe.com,,0,16,False,,,0,,23
w8lwffhgs4ytecse9rvfo.barclayis.co,152.32.192.238,0,22,False,,,0,,34
bafybeifcrgxuvgnf6flx54iecqnnekjj6hqsc5o6k2qcyagnkitncort64.ipfs.dweb.link,209.94.90.1,0,2317,False,,,0,410,74
.urlis.net,,0,409,False,,,0,,10
dev-alertayverificamsits.pantheonsite.io,23.185.0.2,0,,False,,,0,504,40
9y3piy33wzcaplprm4m52pc5zfyigl.barclayis.co,152.32.192.238,0,22,False,,,0,,43
.lens-pro.pro,,0,81,False,,,0,,13
.fhiper.com,,0,3,False,,,0,,11
.fhiper.com,,0,3,False,,,0,,11
.t.co,,0,4813,False,,,0,,5
.nutrizionistastefaniagallucci.com,,0,811,False,,,0,,34
.t.co,,0,4813,False,,,0,,5
www.colectivoterron.org,91.216.110.112,0,3075,True,,[ns111.ovh.net, dns111.ovh.net],0,200,23
.ipfs.io,,0,3331,False,,,0,,8
.nutrizionistastefaniagallucci.com,,0,811,False,,,0,,34
aswh30t.barclayis.co,152.32.192.238,0,22,False,,,0,,20
.ipfs.io,,0,3331,False,,,0,,8
.cloudflare-ipfs.com,,0,1857,False,,,0,,20
.cloudflare-ipfs.com,,0,1857,False,,,0,,20
.nutrizionistastefaniagallucci.com,,0,811,False,,,0,,34
www.xelapanus.com,99.20.20.253,0,2775,False,,[ns29.domaincontrol.com, ns30.domaincontrol.com],0,500,17
webdelogin-104465.weeblysite.com,199.34.228.96,0,3845,False,,[dns1.p08.nsone.net, dns2.p08.nsone.net, dns3.p08.nsone.net, dns4.p08.nsone.net],0,404,32
gateway.ipfs.io,209.94.90.1,0,3331,True,,[ns1.dnsimple.com, ns2.dnsimple.com, ns3.dnsimple.com, ns4.dnsimple.com, ns5.dnsmadeeasy.com, ns6.dnsmadeeasy.com, ns7.dnsmadeeasy.com],0,200,15
gateway.ipfs.io,209.94.90.1,0,3331,True,,[ns1.dnsimple.com, ns2.dnsimple.com, ns3.dnsimple.com, ns4.dnsimple.com, ns5.dnsmadeeasy.com, ns6.dnsmadeeasy.com, ns7.dnsmadeeasy.com],0,200,15
bafybeid4tcetwnjzgrskryw7qjtml2wuqtw3ugu2kidpvbryiurfwn2ely.ipfs.dweb.link,209.94.90.1,0,2317,False,,,0,410,74
.cloudflare-ipfs.com,,0,1857,False,,,0,,20
bafybeid4tcetwnjzgrskryw7qjtml2wuqtw3ugu2kidpvbryiurfwn2ely.ipfs.nftstorage.link,104.18.7.107,0,504,False,,,0,410,80
bafkreihuttoielrgo7vyttxh6sjy2xx2oavg7phqny4qjijzf4ltuv5die.ipfs.nftstorage.link,104.18.6.107,0,504,False,,,0,410,80
.cf-ipfs.com,,0,1667,False,,,0,,12
ipfs.eth.aragon.network,146.190.204.125,0,,False,,,0,404,23
bafybeid4tcetwnjzgrskryw7qjtml2wuqtw3ugu2kidpvbryiurfwn2ely.ipfs.infura-ipfs.io,54.227.105.66,0,1247,False,,,0,451,79
bafkreihuttoielrgo7vyttxh6sjy2xx2oavg7phqny4qjijzf4ltuv5die.ipfs.cf-ipfs.com,104.17.64.14,0,1667,False,,[mona.ns.cloudflare.com, tim.ns.cloudflare.com],0,410,76
.nftstorage.link,,0,504,False,,,0,,16
.ipfs.io,,0,3331,False,,,0,,8
bafkreihuttoielrgo7vyttxh6sjy2xx2oavg7phqny4qjijzf4ltuv5die.ipfs.dweb.link,209.94.90.1,0,2317,False,,,0,410,74
bafybeighrvijpnuzwzcq5bi3yncvr3nhyeeblpsaecwgn2qcmk36imezba.ipfs.cf-ipfs.com,104.17.64.14,0,1667,True,,[mona.ns.cloudflare.com, tim.ns.cloudflare.com],0,200,76
.cloudflare-ipfs.com,,0,1857,False,,,0,,20
.cf-ipfs.com,,0,1667,False,,,0,,12
bafybeid4tcetwnjzgrskryw7qjtml2wuqtw3ugu2kidpvbryiurfwn2ely.ipfs.cf-ipfs.com,104.17.64.14,0,1667,True,,[mona.ns.cloudflare.com, tim.ns.cloudflare.com],0,200,76
.ipfs.io,,0,3331,False,,,0,,8
bafybeighrvijpnuzwzcq5bi3yncvr3nhyeeblpsaecwgn2qcmk36imezba.ipfs.cf-ipfs.com,104.17.64.14,0,1667,True,,[mona.ns.cloudflare.com, tim.ns.cloudflare.com],0,200,76
advenhraps8tdvnykihdw.barclayis.co,152.32.192.238,0,22,False,,,0,,34
.infura-ipfs.io,,0,1247,False,,,0,,15
bafkreihuttoielrgo7vyttxh6sjy2xx2oavg7phqny4qjijzf4ltuv5die.ipfs.infura-ipfs.io,54.80.64.45,0,1247,False,,,0,410,79
.nftstorage.link,,0,504,False,,,0,,16
ipfs.eth.aragon.network,146.190.204.125,0,,False,,,0,404,23
.ipfs.io,,0,3331,False,,,0,,8
.ipfs.io,,0,3331,False,,,0,,8
gateway.ipfs.io,209.94.90.1,0,3331,True,,[ns1.dnsimple.com, ns2.dnsimple.com, ns3.dnsimple.com, ns4.dnsimple.com, ns5.dnsmadeeasy.com, ns6.dnsmadeeasy.com, ns7.dnsmadeeasy.com],0,200,15
.cloudflare-ipfs.com,,0,1857,False,,,0,,20
bafybeiazd2y6lbsbcpxbkwxpop5a5dafkpr2yyioee7lhb4zbrp4xqn7mm.ipfs.cf-ipfs.com,104.17.96.13,0,1667,True,,[mona.ns.cloudflare.com, tim.ns.cloudflare.com],0,200,76
.cf-ipfs.com,,0,1667,False,,,0,,12
bafybeiazd2y6lbsbcpxbkwxpop5a5dafkpr2yyioee7lhb4zbrp4xqn7mm.ipfs.cf-ipfs.com,104.17.96.13,0,1667,True,,[mona.ns.cloudflare.com, tim.ns.cloudflare.com],0,200,76
bafybeiazd2y6lbsbcpxbkwxpop5a5dafkpr2yyioee7lhb4zbrp4xqn7mm.ipfs.dweb.link,209.94.90.1,0,2317,False,,,0,410,74
ipfs.eth.aragon.network,146.190.204.125,0,,False,,,0,404,23
bafybeiazd2y6lbsbcpxbkwxpop5a5dafkpr2yyioee7lhb4zbrp4xqn7mm.ipfs.nftstorage.link,104.18.7.107,0,504,False,,,0,410,80
.infura-ipfs.io,,0,1247,False,,,0,,15
.cf-ipfs.com,,0,1667,False,,,0,,12
gateway.ipfs.io,209.94.90.1,0,3331,True,,[ns1.dnsimple.com, ns2.dnsimple.com, ns3.dnsimple.com, ns4.dnsimple.com, ns5.dnsmadeeasy.com, ns6.dnsmadeeasy.com, ns7.dnsmadeeasy.com],0,200,15
bafybeiazd2y6lbsbcpxbkwxpop5a5dafkpr2yyioee7lhb4zbrp4xqn7mm.ipfs.infura-ipfs.io,54.157.70.31,0,1247,False,,,0,451,79
bafybeihkkdz7jpnac7japahezqyakmpoqbzpi7hfqza37njl4pjvtixmqi.ipfs.cf-ipfs.com,104.17.96.13,0,1667,True,,[mona.ns.cloudflare.com, tim.ns.cloudflare.com],0,200,76
bafybeihkkdz7jpnac7japahezqyakmpoqbzpi7hfqza37njl4pjvtixmqi.ipfs.cf-ipfs.com,104.17.96.13,0,1667,True,,[mona.ns.cloudflare.com, tim.ns.cloudflare.com],0,200,76
.ipfs.io,,0,3331,False,,,0,,8
bafybeihkkdz7jpnac7japahezqyakmpoqbzpi7hfqza37njl4pjvtixmqi.ipfs.dweb.link,209.94.90.1,0,2317,False,,,0,410,74
ipfs.eth.aragon.network,146.190.204.125,0,,False,,,0,404,23
bafybeigipornuo47t4m47t5h3k6jipftvc6yrkfv6mkwdybuzfddgrfu4m.ipfs.cf-ipfs.com,104.17.64.14,0,1667,True,,[mona.ns.cloudflare.com, tim.ns.cloudflare.com],0,200,76
.nftstorage.link,,0,504,False,,,0,,16
.cf-ipfs.com,,0,1667,False,,,0,,12
.ipfs.io,,0,3331,False,,,0,,8
bafybeihkkdz7jpnac7japahezqyakmpoqbzpi7hfqza37njl4pjvtixmqi.ipfs.nftstorage.link,104.18.7.107,0,504,False,,,0,410,80
www.xolares.com.ar,200.58.110.141,0,2262,True,,[ns4.hostmar.com, ns3.hostmar.com],0,200,18
.ipfs.io,,0,3331,False,,,0,,8
.cloudflare-ipfs.com,,0,1857,False,,,0,,20
bafybeihayexrtzqcdbfihpqzc4o77bd5xvwomj4ceer76xdma6hdxq6erm.ipfs.cf-ipfs.com,104.17.96.13,0,1667,True,,[mona.ns.cloudflare.com, tim.ns.cloudflare.com],0,200,76
bafybeihkkdz7jpnac7japahezqyakmpoqbzpi7hfqza37njl4pjvtixmqi.ipfs.infura-ipfs.io,54.227.105.66,0,1247,False,,,0,451,79
gateway.ipfs.io,209.94.90.1,0,3331,True,,[ns1.dnsimple.com, ns2.dnsimple.com, ns3.dnsimple.com, ns4.dnsimple.com, ns5.dnsmadeeasy.com, ns6.dnsmadeeasy.com, ns7.dnsmadeeasy.com],0,200,15
ipfs.eth.aragon.network,146.190.204.125,0,,False,,,0,404,23
ipfs.eth.aragon.network,146.190.204.125,0,,False,,,0,404,23
bafybeihayexrtzqcdbfihpqzc4o77bd5xvwomj4ceer76xdma6hdxq6erm.ipfs.dweb.link,209.94.90.1,0,2317,False,,,0,410,74
gateway.ipfs.io,209.94.90.1,0,3331,True,,[ns1.dnsimple.com, ns2.dnsimple.com, ns3.dnsimple.com, ns4.dnsimple.com, ns5.dnsmadeeasy.com, ns6.dnsmadeeasy.com, ns7.dnsmadeeasy.com],0,200,15
.cloudflare-ipfs.com,,0,1857,False,,,0,,20
.cf-ipfs.com,,0,1667,False,,,0,,12
bafkreia2gyxxmw2tswq62dwwdubwtxu7xdet3j5f3zk4vjhwmabvgbx6sy.ipfs.cf-ipfs.com,104.17.64.14,0,1667,True,,[mona.ns.cloudflare.com, tim.ns.cloudflare.com],0,200,76
ipfs.eth.aragon.network,146.190.204.125,0,,False,,,0,404,23
.nftstorage.link,,0,504,False,,,0,,16
bafkreia2gyxxmw2tswq62dwwdubwtxu7xdet3j5f3zk4vjhwmabvgbx6sy.ipfs.dweb.link,209.94.90.1,0,2317,False,,,0,410,74
.nftstorage.link,,0,504,False,,,0,,16
bafkreia2gyxxmw2tswq62dwwdubwtxu7xdet3j5f3zk4vjhwmabvgbx6sy.ipfs.nftstorage.link,104.18.6.107,0,504,False,,,0,410,80
ipfs.eth.aragon.network,146.190.204.125,0,,False,,,0,404,23
.nftstorage.link,,0,504,False,,,0,,16
bafybeihayexrtzqcdbfihpqzc4o77bd5xvwomj4ceer76xdma6hdxq6erm.ipfs.nftstorage.link,104.18.7.107,0,504,False,,,0,410,80
.nftstorage.link,,0,504,False,,,0,,16
.ipfs.io,,0,3331,False,,,0,,8
.nftstorage.link,,0,504,False,,,0,,16
.ipfs.io,,0,3331,False,,,0,,8
.ipfs.io,,0,3331,False,,,0,,8
.ipfs.io,,0,3331,False,,,0,,8
.ipfs.io,,0,3331,False,,,0,,8
bafybeibifu4huxyo6agqu6lq5irjutqvh23ttugevtspcqqptt343zvgdy.ipfs.cf-ipfs.com,104.17.64.14,0,1667,True,,[mona.ns.cloudflare.com, tim.ns.cloudflare.com],0,200,76
.ipfs.io,,0,3331,False,,,0,,8
.ipfs.io,,0,3331,False,,,0,,8
bafybeibifu4huxyo6agqu6lq5irjutqvh23ttugevtspcqqptt343zvgdy.ipfs.cf-ipfs.com,104.17.64.14,0,1667,True,,[mona.ns.cloudflare.com, tim.ns.cloudflare.com],0,200,76
bafkreia2gyxxmw2tswq62dwwdubwtxu7xdet3j5f3zk4vjhwmabvgbx6sy.ipfs.infura-ipfs.io,54.227.105.66,0,1247,False,,,0,410,79
ipfs.eth.aragon.network,146.190.204.125,0,,False,,,0,404,23
.ipfs.io,,0,3331,False,,,0,,8
.infura-ipfs.io,,0,1247,False,,,0,,15
.ipfs.io,,0,3331,False,,,0,,8
.infura-ipfs.io,,0,1247,False,,,0,,15
.ipfs.io,,0,3331,False,,,0,,8
.infura-ipfs.io,,0,1247,False,,,0,,15
sable-full-jade.glitch.me,3.219.206.69,0,,False,,,0,404,25
.infura-ipfs.io,,0,1247,False,,,0,,15
.cloudflare-ipfs.com,,0,1857,False,,,0,,20
.cloudflare-ipfs.com,,0,1857,False,,,0,,20
.cloudflare-ipfs.com,,0,1857,False,,,0,,20
.cf-ipfs.com,,0,1667,False,,,0,,12
.cf-ipfs.com,,0,1667,False,,,0,,12
.infura-ipfs.io,,0,1247,False,,,0,,15
.cf-ipfs.com,,0,1667,False,,,0,,12
ipfs.eth.aragon.network,146.190.204.125,0,,False,,,0,404,23
ipfs.eth.aragon.network,146.190.204.125,0,,False,,,0,404,23
ipfs.eth.aragon.network,146.190.204.125,0,,False,,,0,404,23
gateway.ipfs.io,209.94.90.1,0,3331,True,,[ns1.dnsimple.com, ns2.dnsimple.com, ns3.dnsimple.com, ns4.dnsimple.com, ns5.dnsmadeeasy.com, ns6.dnsmadeeasy.com, ns7.dnsmadeeasy.com],0,200,15
gateway.ipfs.io,209.94.90.1,0,3331,True,,[ns1.dnsimple.com, ns2.dnsimple.com, ns3.dnsimple.com, ns4.dnsimple.com, ns5.dnsmadeeasy.com, ns6.dnsmadeeasy.com, ns7.dnsmadeeasy.com],0,200,15
gateway.ipfs.io,209.94.90.1,0,3331,True,,[ns1.dnsimple.com, ns2.dnsimple.com, ns3.dnsimple.com, ns4.dnsimple.com, ns5.dnsmadeeasy.com, ns6.dnsmadeeasy.com, ns7.dnsmadeeasy.com],0,200,15
gateway.ipfs.io,209.94.90.1,0,3331,True,,[ns1.dnsimple.com, ns2.dnsimple.com, ns3.dnsimple.com, ns4.dnsimple.com, ns5.dnsmadeeasy.com, ns6.dnsmadeeasy.com, ns7.dnsmadeeasy.com],0,200,15
gateway.ipfs.io,209.94.90.1,0,3331,True,,[ns1.dnsimple.com, ns2.dnsimple.com, ns3.dnsimple.com, ns4.dnsimple.com, ns5.dnsmadeeasy.com, ns6.dnsmadeeasy.com, ns7.dnsmadeeasy.com],0,200,15
0324820352-rplgtg-pchtlr.start.page,104.18.24.210,0,835,True,,,0,200,35
kyz61v.webwave.dev,45.79.147.190,0,1582,True,,,0,200,18
bafybeihymdngvyrk5jk2ow4gfs2ecvce3niog4vvs2h4bbxc5uqy4ylq4i.ipfs.dweb.link,209.94.90.1,0,2317,False,,,0,410,74
bafybeigfwfy2hez43rndxfhxsiicfyuxnriyq56gwhpdcoreaygfy4u2ty.ipfs.cf-ipfs.com,104.17.64.14,0,1667,True,,[mona.ns.cloudflare.com, tim.ns.cloudflare.com],0,200,76
bafybeibamie47adxk6kknjktjo7p6lnzatnvr2svsh7odz2g7kwckvk6te.ipfs.cf-ipfs.com,104.17.96.13,0,1667,True,,[mona.ns.cloudflare.com, tim.ns.cloudflare.com],0,200,76
bafybeigfwfy2hez43rndxfhxsiicfyuxnriyq56gwhpdcoreaygfy4u2ty.ipfs.nftstorage.link,104.18.6.107,0,504,False,,,0,410,80
bafybeihymdngvyrk5jk2ow4gfs2ecvce3niog4vvs2h4bbxc5uqy4ylq4i.ipfs.nftstorage.link,104.18.7.107,0,504,False,,,0,410,80
bafybeigfwfy2hez43rndxfhxsiicfyuxnriyq56gwhpdcoreaygfy4u2ty.ipfs.dweb.link,209.94.90.1,0,2317,False,,,0,410,74
bafybeibamie47adxk6kknjktjo7p6lnzatnvr2svsh7odz2g7kwckvk6te.ipfs.nftstorage.link,104.18.7.107,0,504,False,,,0,410,80
bafybeibamie47adxk6kknjktjo7p6lnzatnvr2svsh7odz2g7kwckvk6te.ipfs.dweb.link,209.94.90.1,0,2317,False,,,0,410,74
bafybeihymdngvyrk5jk2ow4gfs2ecvce3niog4vvs2h4bbxc5uqy4ylq4i.ipfs.infura-ipfs.io,52.201.118.67,0,1247,False,,,0,451,79
.cloudflare-ipfs.com,,0,1857,False,,,0,,20
bafybeiaw3l75b6kmx3eh3avc5cvrsksogrkpyu5mpxp7aiv32gz3t3m344.ipfs.cf-ipfs.com,104.17.96.13,0,1667,True,,[mona.ns.cloudflare.com, tim.ns.cloudflare.com],0,200,76
.4everland.io,,0,815,False,,,0,,13
bafybeibamie47adxk6kknjktjo7p6lnzatnvr2svsh7odz2g7kwckvk6te.ipfs.infura-ipfs.io,54.227.105.66,0,1247,False,,,0,451,79
bafybeiaw3l75b6kmx3eh3avc5cvrsksogrkpyu5mpxp7aiv32gz3t3m344.ipfs.dweb.link,209.94.90.1,0,2317,False,,,0,410,74
bt-105878.weeblysite.com,199.34.228.96,0,3845,False,,[dns1.p08.nsone.net, dns2.p08.nsone.net, dns3.p08.nsone.net, dns4.p08.nsone.net],0,404,24
.ipfs.io,,0,3331,False,,,0,,8
bafybeiaw3l75b6kmx3eh3avc5cvrsksogrkpyu5mpxp7aiv32gz3t3m344.ipfs.nftstorage.link,104.18.7.107,0,504,False,,,0,410,80
.nftstorage.link,,0,504,False,,,0,,16
bafybeigfwfy2hez43rndxfhxsiicfyuxnriyq56gwhpdcoreaygfy4u2ty.ipfs.infura-ipfs.io,54.80.64.45,0,1247,False,,,0,410,79
.cloudflare-ipfs.com,,0,1857,False,,,0,,20
bafybeial2322p3v246mgxrhuwik2gcryymmo3cgjfmid6dzxzf7bhop3o4.ipfs.dweb.link,209.94.90.1,0,2317,False,,,0,410,74
.cf-ipfs.com,,0,1667,False,,,0,,12
.ipfs.io,,0,3331,False,,,0,,8
bafkreidqx3xoh6yamgbamny7dqxjtx5kmkrrpwyj5ixidg343dlfw7mwie.ipfs.cf-ipfs.com,104.17.96.13,0,1667,True,,[mona.ns.cloudflare.com, tim.ns.cloudflare.com],0,200,76
bafybeial2322p3v246mgxrhuwik2gcryymmo3cgjfmid6dzxzf7bhop3o4.ipfs.nftstorage.link,104.18.7.107,0,504,False,,,0,410,80
.cloudflare-ipfs.com,,0,1857,False,,,0,,20
bafybeiaw3l75b6kmx3eh3avc5cvrsksogrkpyu5mpxp7aiv32gz3t3m344.ipfs.infura-ipfs.io,54.227.105.66,0,1247,False,,,0,451,79
.infura-ipfs.io,,0,1247,False,,,0,,15
bafybeicriqfdxxwmp7t3iwqa7e3muqxrhakwpbq7gvb7fx4q3lqygejv7y.ipfs.cf-ipfs.com,104.17.64.14,0,1667,True,,[mona.ns.cloudflare.com, tim.ns.cloudflare.com],0,200,76
bafybeicriqfdxxwmp7t3iwqa7e3muqxrhakwpbq7gvb7fx4q3lqygejv7y.ipfs.cf-ipfs.com,104.17.64.14,0,1667,True,,[mona.ns.cloudflare.com, tim.ns.cloudflare.com],0,200,76
bafybeial2322p3v246mgxrhuwik2gcryymmo3cgjfmid6dzxzf7bhop3o4.ipfs.infura-ipfs.io,54.227.105.66,0,1247,False,,,0,451,79
.nftstorage.link,,0,504,False,,,0,,16
.ipfs.io,,0,3331,False,,,0,,8
bafybeicncpvan6mkgtft6iarfisrl4s3hurcxk53hhjbikge6mkssh7efa.ipfs.cf-ipfs.com,104.17.64.14,0,1667,True,,[mona.ns.cloudflare.com, tim.ns.cloudflare.com],0,200,76
gateway.ipfs.io,209.94.90.1,0,3331,True,,[ns1.dnsimple.com, ns2.dnsimple.com, ns3.dnsimple.com, ns4.dnsimple.com, ns5.dnsmadeeasy.com, ns6.dnsmadeeasy.com, ns7.dnsmadeeasy.com],0,200,15
.ipfs.io,,0,3331,False,,,0,,8
ipfs.eth.aragon.network,146.190.204.125,0,,False,,,0,404,23
bafybeicriqfdxxwmp7t3iwqa7e3muqxrhakwpbq7gvb7fx4q3lqygejv7y.ipfs.dweb.link,209.94.90.1,0,2317,False,,,0,410,74
bafybeicriqfdxxwmp7t3iwqa7e3muqxrhakwpbq7gvb7fx4q3lqygejv7y.ipfs.nftstorage.link,104.18.6.107,0,504,False,,,0,410,80
.ipfs.io,,0,3331,False,,,0,,8
.ipfs.io,,0,3331,False,,,0,,8
ipfs.eth.aragon.network,146.190.204.125,0,,False,,,0,404,23
jeuro015.wixsite.com,34.117.60.144,0,,False,,,0,404,20
.shorturl.at,,0,,False,,,0,,12
ptjcok.webwave.dev,45.56.81.89,0,1582,True,,,0,200,18
ptjcok.webwave.dev,45.56.81.89,0,1582,True,,,0,200,18
ipfs.eth.aragon.network,146.190.204.125,0,,False,,,0,404,23
.ipfs.io,,0,3331,False,,,0,,8
bafybeicriqfdxxwmp7t3iwqa7e3muqxrhakwpbq7gvb7fx4q3lqygejv7y.ipfs.infura-ipfs.io,54.157.70.31,0,1247,False,,,0,410,79
.cloudflare-ipfs.com,,0,1857,False,,,0,,20
.cloudflare-ipfs.com,,0,1857,False,,,0,,20
www.vallettaferryservices.com,85.119.122.20,0,6253,True,,,0,200,29
.infura-ipfs.io,,0,1247,False,,,0,,15
www.gurutravelss.com,68.65.120.247,0,229,True,,[dns1.namecheaphosting.com, dns2.namecheaphosting.com],0,200,20
.cloudflare-ipfs.com,,0,1857,False,,,0,,20
.cloudflare-ipfs.com,,0,1857,False,,,0,,20
.cloudflare-ipfs.com,,0,1857,False,,,0,,20
.cf-ipfs.com,,0,1667,False,,,0,,12
www.vallettaferryservices.com,85.119.122.20,0,6253,True,,,0,200,29
bafybeiexbj2eecjgtxhbpgh65hyobzr5uu4l545yeuuvhwgcwh5hnpbvti.ipfs.dweb.link,209.94.90.1,0,2317,False,,,0,410,74
gateway.ipfs.io,209.94.90.1,0,3331,True,,[ns1.dnsimple.com, ns2.dnsimple.com, ns3.dnsimple.com, ns4.dnsimple.com, ns5.dnsmadeeasy.com, ns6.dnsmadeeasy.com, ns7.dnsmadeeasy.com],0,200,15
ipfs.eth.aragon.network,146.190.204.125,0,,False,,,0,404,23
gateway.ipfs.io,209.94.90.1,0,3331,True,,[ns1.dnsimple.com, ns2.dnsimple.com, ns3.dnsimple.com, ns4.dnsimple.com, ns5.dnsmadeeasy.com, ns6.dnsmadeeasy.com, ns7.dnsmadeeasy.com],0,200,15
gateway.ipfs.io,209.94.90.1,0,3331,True,,[ns1.dnsimple.com, ns2.dnsimple.com, ns3.dnsimple.com, ns4.dnsimple.com, ns5.dnsmadeeasy.com, ns6.dnsmadeeasy.com, ns7.dnsmadeeasy.com],0,200,15
gateway.ipfs.io,209.94.90.1,0,3331,True,,[ns1.dnsimple.com, ns2.dnsimple.com, ns3.dnsimple.com, ns4.dnsimple.com, ns5.dnsmadeeasy.com, ns6.dnsmadeeasy.com, ns7.dnsmadeeasy.com],0,200,15
bafybeiexbj2eecjgtxhbpgh65hyobzr5uu4l545yeuuvhwgcwh5hnpbvti.ipfs.cf-ipfs.com,104.17.64.14,0,1667,True,,[mona.ns.cloudflare.com, tim.ns.cloudflare.com],0,200,76
ipfs.eth.aragon.network,146.190.204.125,0,,False,,,0,404,23
ipfs.eth.aragon.network,146.190.204.125,0,,False,,,0,404,23
bafybeiexbj2eecjgtxhbpgh65hyobzr5uu4l545yeuuvhwgcwh5hnpbvti.ipfs.cf-ipfs.com,104.17.64.14,0,1667,True,,[mona.ns.cloudflare.com, tim.ns.cloudflare.com],0,200,76
bafybeiexbj2eecjgtxhbpgh65hyobzr5uu4l545yeuuvhwgcwh5hnpbvti.ipfs.dweb.link,209.94.90.1,0,2317,False,,,0,410,74
ipfs.eth.aragon.network,146.190.204.125,0,,False,,,0,404,23
receptionboites.wixsite.com,34.117.60.144,0,,False,,,0,404,27
bafkreifiii2epwxnqnwlw2qao2anu7pypsoi3qpetkujao2djzxi4dgcw4.ipfs.cf-ipfs.com,104.17.96.13,0,1667,True,,[mona.ns.cloudflare.com, tim.ns.cloudflare.com],0,200,76
bafybeiexbj2eecjgtxhbpgh65hyobzr5uu4l545yeuuvhwgcwh5hnpbvti.ipfs.nftstorage.link,104.18.6.107,0,504,False,,,0,410,80
www.vallettaferryservices.com,85.119.122.20,0,6253,True,,,0,200,29
www.vallettaferryservices.com,85.119.122.20,0,6253,True,,,0,200,29
www.vallettaferryservices.com,85.119.122.20,0,6253,True,,,0,200,29
www.vallettaferryservices.com,85.119.122.20,0,6253,True,,,0,200,29
www.vallettaferryservices.com,85.119.122.20,0,6253,True,,,0,200,29
contanonline.viacredcoop.site,,0,,False,,,0,,29
www.vallettaferryservices.com,85.119.122.20,0,6253,True,,,0,200,29
contanonline.viacredcoop.site,,0,,False,,,0,,29
bafkreifa67dzssnq3cb5lb7l4y5v7f52mtfzop46qarvurnzb3ltec25om.ipfs.cf-ipfs.com,104.17.64.14,0,1667,True,,[mona.ns.cloudflare.com, tim.ns.cloudflare.com],0,200,76
.etherialmassage.com,,0,257,False,,,0,,20
bafkreifiii2epwxnqnwlw2qao2anu7pypsoi3qpetkujao2djzxi4dgcw4.ipfs.dweb.link,209.94.90.1,0,2317,False,,,0,410,74
www.vallettaferryservices.com,85.119.122.20,0,6253,True,,,0,200,29
www.vallettaferryservices.com,85.119.122.20,0,6253,True,,,0,200,29
www.vallettaferryservices.com,85.119.122.20,0,6253,True,,,0,200,29
.strolidernn52.ru,,0,1226,False,,,0,,17
bafkreifiii2epwxnqnwlw2qao2anu7pypsoi3qpetkujao2djzxi4dgcw4.ipfs.nftstorage.link,104.18.7.107,0,504,False,,,0,410,80
www.shorturl.at,172.67.143.86,0,,True,,,0,200,15
bafkreidodzcehgtmiqbdnlwu6pxztxmq6wwh3wwln5dt2cw57rmpgza54u.ipfs.cf-ipfs.com,104.17.64.14,0,1667,True,,[mona.ns.cloudflare.com, tim.ns.cloudflare.com],0,200,76
bafkreidodzcehgtmiqbdnlwu6pxztxmq6wwh3wwln5dt2cw57rmpgza54u.ipfs.nftstorage.link,104.18.6.107,0,504,False,,,0,410,80
bafkreifa67dzssnq3cb5lb7l4y5v7f52mtfzop46qarvurnzb3ltec25om.ipfs.nftstorage.link,104.18.7.107,0,504,False,,,0,410,80
zxzvcczxv.jungleheart.com,204.16.169.54,0,8182,False,,[ns1.changeip.com, ns2.changeip.com],0,,25
bafybeiexbj2eecjgtxhbpgh65hyobzr5uu4l545yeuuvhwgcwh5hnpbvti.ipfs.infura-ipfs.io,54.227.105.66,0,1247,False,,,0,410,79
.leasxlashes.com,,0,236,False,,,0,,16
hansons-affable-platypus.euwest01.umbraco.io,104.19.208.28,0,3732,True,,,0,200,44
.maurerltd.com,,0,236,False,,,0,,14
.gaugeapps.com,,0,236,False,,,0,,14
.oplifter.com,,0,236,False,,,0,,13
.lovesindonis.com,,0,236,False,,,0,,17
hansons-affable-platypus.euwest01.umbraco.io,104.19.208.28,0,3732,True,,,0,200,44
.chillglobalhotel.com,,0,307,False,,,0,,21
ntc.iub.mybluehost.me,162.241.24.161,0,2458,False,,[ns2.bluehost.com, ns1.bluehost.com],0,406,21
betwv34.freetcp.com,204.16.169.54,0,7988,False,,[ns2.changeip.com, ns1.changeip.com],0,,19
ntc.iub.mybluehost.me,162.241.24.161,0,2458,False,,[ns2.bluehost.com, ns1.bluehost.com],0,406,21
.citizenoneconstruction.com,,0,3276,False,,,0,,27
.jonnyarnold.com,,0,236,False,,,0,,16
.mercuryassetrealty.com,,0,1517,False,,,0,,23
fb.phoenixcloud.workers.dev,172.67.166.53,0,,True,,,0,200,27
.dansoy.org,,0,204,False,,,0,,11
www.verif-usps01.selfip.info,,0,,False,,,0,,28
.uspostalservicedeliverynoww.com,,0,2,False,,,0,,32
.bigapplebasketball.com,,0,7731,False,,,0,,23
bafkreidodzcehgtmiqbdnlwu6pxztxmq6wwh3wwln5dt2cw57rmpgza54u.ipfs.dweb.link,209.94.90.1,0,2317,False,,,0,,74
pub-fe29ef2e295948efbacdbcfc2435f9df.r2.dev,104.18.3.35,0,311,False,,,0,404,43
sites.google.com,173.194.194.138,0,9419,True,,,0,200,16
vtwrec34.qhigh.com,43.163.201.174,0,8123,False,,[ns2.changeip.org, ns1.changeip.org],0,200,18
bwervs34.fartit.com,43.163.201.174,0,8130,False,,[ns2.changeip.org, ns1.changeip.org],0,200,19
btwsecr34.qhigh.com,43.163.201.174,0,8123,False,,[ns1.changeip.org, ns2.changeip.org],0,200,19
nuve79.mrbasic.com,43.163.201.174,0,8400,False,,[ns1.changeip.org, ns2.changeip.org],0,200,18
aquamarine-quickest-target.glitch.me,3.225.43.236,0,,False,,,0,404,36
evuoerv79.instanthq.com,43.163.201.174,0,8126,False,,[ns1.changeip.org, ns2.changeip.org],0,200,23
enuroc79.instanthq.com,43.163.201.174,0,8126,False,,[ns2.changeip.org, ns1.changeip.org],0,200,22
ewvnueovr79.youdontcare.com,43.163.201.174,0,8201,False,,[ns2.changeip.org, ns1.changeip.org],0,200,27
.skysonlinebr.com,,0,26,False,,,0,,17
betrv453.jungleheart.com,43.163.201.174,0,8182,False,,[ns2.changeip.org, ns1.changeip.org],0,200,24
usa2-portal-serivices.dynnamn.ru,162.241.70.98,0,1382,True,,,0,200,32
suw.telegieam.club,,0,7,False,,,0,,18
.telegrcam.vip,,0,,False,,,0,,14
.teleggram.vip,,0,,False,,,0,,14
.tellgeam.org,,0,6,False,,,0,,13
trustxapp.louisdolores.repl.co,34.149.204.188,0,,False,,,0,404,30
ligfczqqnk.duckdns.org,103.80.134.47,0,,False,,,0,,22
.estructurashal.com,,0,248,False,,,0,,19
lihfetqnlj.duckdns.org,103.80.134.47,0,,False,,,0,,22
.estructurashal.com,,0,248,False,,,0,,19
cw92020.tw1.ru,5.23.50.56,0,6209,False,,[ns2.timeweb.ru, ns4.timeweb.org, ns1.timeweb.ru, ns3.timeweb.org],0,,14
conference.provobis.ro,77.81.137.115,0,8325,True,,,0,200,22
cy05215.tw1.ru,5.23.50.56,0,6209,False,,[ns4.timeweb.org, ns1.timeweb.ru, ns2.timeweb.ru, ns3.timeweb.org],0,,14
enruoerv79.itemdb.com,43.163.201.174,0,8126,False,,[ns1.changeip.org, ns2.changeip.org],0,200,21
btwrec34.instanthq.com,43.163.201.174,0,8126,False,,[ns2.changeip.org, ns1.changeip.org],0,200,22
nwuovre79.instanthq.com,43.163.201.174,0,8126,False,,[ns2.changeip.org, ns1.changeip.org],0,200,23
srv193515.hoster-test.ru,,0,5294,False,,,0,,24
vtwrecr34.justdied.com,43.163.201.174,0,8182,False,,[ns1.changeip.org, ns2.changeip.org],0,200,22
srv193515.hoster-test.ru,,0,5294,False,,,0,,24
btyewer43.justdied.com,43.163.201.174,0,8182,False,,[ns2.changeip.org, ns1.changeip.org],0,200,22
evuo79.itemdb.com,43.163.201.174,0,8126,False,,[ns2.changeip.org, ns1.changeip.org],0,200,17
.getpackitup.com,,0,236,False,,,0,,16
uwenrve79.justdied.com,43.163.201.174,0,8182,False,,[ns2.changeip.org, ns1.changeip.org],0,200,22
bterwv45.justdied.com,43.163.201.174,0,8182,False,,[ns2.changeip.org, ns1.changeip.org],0,200,21
btwrec.justdied.com,43.163.201.174,0,8182,False,,[ns1.changeip.org, ns2.changeip.org],0,200,19
wervhuoerv79.justdied.com,43.163.201.174,0,8182,False,,[ns2.changeip.org, ns1.changeip.org],0,200,25
.user-wellsfargo03a.com,,0,2,False,,,0,,23
btvwerc34.justdied.com,43.163.201.174,0,8182,False,,[ns2.changeip.org, ns1.changeip.org],0,200,22
.joannajohns.com,,0,236,False,,,0,,16
.user-wellsfargo01a.com,,0,2,False,,,0,,23
.leasxlashes.com,,0,236,False,,,0,,16
.lsvppiedade.ong.br,,0,1036,False,,,0,,19
.lsvppiedade.ong.br,,0,1036,False,,,0,,19
bafkreidodzcehgtmiqbdnlwu6pxztxmq6wwh3wwln5dt2cw57rmpgza54u.ipfs.infura-ipfs.io,54.227.105.66,0,1247,False,,,0,,79
sites.google.com,173.194.194.138,0,9419,True,,,0,200,16
bgs.tis.mybluehost.me,162.241.225.60,0,2458,False,,[ns2.bluehost.com, ns1.bluehost.com],0,406,21
.oplifter.com,,0,236,False,,,0,,13
nwz.ftf.mybluehost.me,162.241.225.177,0,2458,False,,[ns2.bluehost.com, ns1.bluehost.com],0,406,21
sites.google.com,173.194.194.138,0,9419,True,,,0,200,16
onlinefaxmails-1318034737.cos.na-toronto.myqcloud.com,49.51.54.104,0,3719,False,,,0,403,53
uxm.hfe.mybluehost.me,66.235.200.146,0,2458,False,,[ns1.bluehost.com, ns2.bluehost.com],0,406,21
auth.telegrcam.com.cn,202.95.13.207,0,4,True,,,0,200,21
14553141546354184.duckdns.org,,0,,False,,,0,,29
.mon-dossier-remboursement.info,,0,5,False,,,0,,31
roundcpsess4960cube-1312962597.cos.ap-chongqing.myqcloud.com,183.66.100.51,0,3719,False,,,0,403,60
.del-pinar.com.ar,,0,3556,False,,,0,,17
.lempar.com.br,,0,5205,False,,,0,,14
vwec3.qhigh.com,43.163.201.174,0,8123,False,,[ns1.changeip.org, ns2.changeip.org],0,200,15
.evershineenterprises.co.in,,0,1393,False,,,0,,27
verc34.ezua.com,43.163.201.174,0,6964,False,,[ns1.changeip.org, ns2.changeip.org],0,200,15
vewasc34.qhigh.com,43.163.201.174,0,8123,False,,[ns1.changeip.org, ns2.changeip.org],0,200,18
.comedancestudio.com,,0,1440,False,,,0,,20
.sirunes.com,,0,1071,False,,,0,,12
wiry-glistening-speedboat.glitch.me,3.225.43.236,0,,False,,,0,403,35
rtbnurotv79.itemdb.com,43.163.201.174,0,8126,False,,[ns1.changeip.org, ns2.changeip.org],0,200,22
blogs.elogicals.com,52.7.42.82,0,1704,False,,,0,500,19
.anitoninc.com,,0,7294,False,,,0,,14
bafkreifiii2epwxnqnwlw2qao2anu7pypsoi3qpetkujao2djzxi4dgcw4.ipfs.infura-ipfs.io,54.80.64.45,0,1247,False,,,0,410,79
ebvriev989.itsaol.com,43.163.201.174,0,8123,False,,[ns1.changeip.org, ns2.changeip.org],0,200,21
.space-connect.com,,0,338,False,,,0,,18
resilient-buttery-bearberry.glitch.me,3.225.43.236,0,,False,,,0,403,37
.hostingvp.rest,,0,192,False,,,0,,15
busy-goodall.198-38-88-89.plesk.page,198.38.88.89,0,,False,,,0,503,36
zqpmurjdf.weebly.com,199.34.228.53,0,6302,True,,,0,200,20
.innerguru.co.nz,,0,,False,,,0,,16
www.we-prosmarttech.com,103.246.18.16,0,1669,True,,[ns1.we-prosmarttech.com, ns2.we-prosmarttech.com],0,200,23
www.we-prosmarttech.com,103.246.18.16,0,1669,True,,[ns1.we-prosmarttech.com, ns2.we-prosmarttech.com],0,200,23
x54tc7.4pu.com,204.16.169.54,0,7327,False,,[ns1.changeip.com, ns2.changeip.com],0,,14
www.lexmanzano.com,67.227.214.148,0,6182,True,,,0,200,18
alhopital.apps-1and1.net,217.160.0.251,0,3327,True,,,0,200,24
wxtclw.dns-dns.com,204.16.169.54,0,6754,False,,[ns2.changeip.com, ns1.changeip.com],0,,18
zrqghn.sendsmtp.com,43.153.176.66,0,6931,True,,[ns1.changeip.org, ns2.changeip.org],0,200,19
weqdasad.mynetav.com,204.16.169.54,0,6580,False,,[ns1.changeip.com, ns2.changeip.com],0,,20
wegafds344.gettrials.com,204.16.169.54,0,7434,False,,[ns1.changeip.com, ns2.changeip.com],0,,24
yrhyafhgzd5.sendsmtp.com,43.163.201.174,0,6931,False,,[ns2.changeip.org, ns1.changeip.org],0,200,24
vwerv34.acmetoy.com,204.16.169.54,0,7021,False,,[ns2.changeip.com, ns1.changeip.com],0,,19
wrvbuittv79.wikaba.com,43.163.201.174,0,8262,False,,[ns2.changeip.org, ns1.changeip.org],0,200,22
werhasw34.myddns.com,43.163.201.174,0,7915,False,,[ns1.changeip.org, ns2.changeip.org],0,200,20
.ryansaruskore.com,,0,3,False,,,0,,18
www.index-azamna-ouan-co-jp.visauaoc.zhainue.cn,47.87.154.160,0,342,False,,,0,,47
wervmio89.youdontcare.com,43.163.201.174,0,8201,False,,[ns1.changeip.org, ns2.changeip.org],0,200,25
s.amazczaer-co-jp.com,207.154.228.253,0,2,False,,,0,,21
.medalionstring.com,,0,4,False,,,0,,19
vwv34.serveusers.com,43.163.201.174,0,8063,False,,[ns2.changeip.org, ns1.changeip.org],0,200,20
ypoaqp.qhigh.com,43.153.176.66,0,8123,True,,[ns2.changeip.org, ns1.changeip.org],0,200,16
.pngzz.cfd,,0,,False,,,0,,10
vwrfec34.dumb1.com,43.163.201.174,0,8247,False,,[ns1.changeip.org, ns2.changeip.org],0,200,18
.pngtt.cfd,,0,,False,,,0,,10
trdgf459.acmetoy.com,204.16.169.54,0,7021,False,,[ns2.changeip.com, ns1.changeip.com],0,,20
trsnd54.gettrials.com,204.16.169.54,0,7434,False,,[ns2.changeip.com, ns1.changeip.com],0,,21
vtrwev34.dns04.com,43.163.201.174,0,8136,False,,[ns2.changeip.org, ns1.changeip.org],0,200,18
vbtwrec34.fartit.com,43.163.201.174,0,8130,False,,[ns1.changeip.org, ns2.changeip.org],0,200,20
v8wgug.lflinkup.com,43.153.176.66,0,6799,True,,[ns2.changeip.org, ns1.changeip.org],0,200,19
wegasdffg.zzux.com,43.163.201.174,0,8262,False,,[ns2.changeip.org, ns1.changeip.org],0,200,18
smbcomjp.yuechiyuexiang.com,107.172.158.170,0,52,False,,,0,,27
labcin.ufes.br,200.137.65.86,0,,True,,,0,200,14
vtwrrc34.dns05.com,43.163.201.174,0,8135,False,,[ns2.changeip.org, ns1.changeip.org],0,200,18
lwypfk.25u.com,43.153.176.66,0,7327,True,,[ns1.changeip.org, ns2.changeip.org],0,200,14
nyrertvwe345qf.justdied.com,43.163.201.174,0,8182,False,,[ns1.changeip.org, ns2.changeip.org],0,200,27
rhsd345.misecure.com,43.163.201.174,0,7797,False,,[ns2.changeip.org, ns1.changeip.org],0,200,20
vazgdi.mrface.com,43.153.176.66,0,8400,True,,[ns1.changeip.org, ns2.changeip.org],0,200,17
groupwambkhrsi.webppphpp.my.id,104.21.6.159,0,4,True,,,0,,30
k70ti6.dsmtp.com,43.153.176.66,0,7139,True,,[ns2.changeip.org, ns1.changeip.org],0,200,16
ssd9d7.instanthq.com,43.153.176.66,0,8126,True,,[ns1.changeip.org, ns2.changeip.org],0,200,20
groupwayfprwgj.webppphpp.my.id,104.21.6.159,0,4,True,,,0,,30
proposalfilez.buildingproject.repl.co,34.149.204.188,0,,False,,,0,404,37
groupwayfprwgj.webppphpp.my.id,172.67.135.2,0,4,True,,,0,,30
objectstorage.eu-paris-1.oraclecloud.com,134.70.180.1,0,5237,False,,,0,,40
wordpress-1034357-3655681.cloudwaysapps.com,178.128.173.73,0,4195,True,,,0,200,43
wordpress-1034357-3655681.cloudwaysapps.com,178.128.173.73,0,4195,True,,,0,200,43
nmkmb1.qpoe.com,43.153.176.66,0,8123,True,,[ns2.changeip.org, ns1.changeip.org],0,200,15
.dempassportboys.com,,0,2257,False,,,0,,20
evnueorv8.itsaol.com,43.163.201.174,0,8123,False,,[ns2.changeip.org, ns1.changeip.org],0,200,20
ervnuerv79.justdied.com,43.163.201.174,0,8182,False,,[ns1.changeip.org, ns2.changeip.org],0,200,23
berwsc34.wikaba.com,43.163.201.174,0,8262,False,,[ns2.changeip.org, ns1.changeip.org],0,200,19
cam.b48ws6a23k.repl.co,34.149.204.188,0,,False,,,0,404,22
btrwrecr34.jungleheart.com,43.163.201.174,0,8182,False,,[ns2.changeip.org, ns1.changeip.org],0,200,26
record.autoamericane.com,34.97.191.131,0,259,False,,,0,,24
groupwambkhrsi.webppphpp.my.id,172.67.135.2,0,4,True,,,0,,30
dctmnsbmttpophhlpovveryf-vvscusecpprolk-llospqoa.qmkdjgh.com,162.240.108.163,0,2,True,,,0,200,60
bertb45453.fartit.com,43.163.201.174,0,8130,False,,[ns1.changeip.org, ns2.changeip.org],0,200,21
mf9wxt.itemdb.com,43.153.176.66,0,8126,True,,[ns2.changeip.org, ns1.changeip.org],0,200,17
118.32.167.72.host.secureserver.net,72.167.32.118,0,9223,True,,,0,200,35
www.filesusr.com,99.84.160.23,0,2132,False,,[ns-1040.awsdns-02.org, ns-1608.awsdns-09.co.uk, ns-321.awsdns-40.com, ns-802.awsdns-36.net],0,403,16
s2563541254e211d25639845.filesusr.com,99.84.160.70,0,2132,False,,[ns-1040.awsdns-02.org, ns-1608.awsdns-09.co.uk, ns-321.awsdns-40.com, ns-802.awsdns-36.net],0,403,37
552478451155632as54265.filesusr.com,18.160.225.61,0,2132,False,,[ns-1040.awsdns-02.org, ns-1608.awsdns-09.co.uk, ns-321.awsdns-40.com, ns-802.awsdns-36.net],0,403,35
900deliquio.ru.com,,0,,False,,,0,,18
900deliquio.ru.com,,0,,False,,,0,,18
.au-0a2cf01af8cd2a128f8.com,,0,3,False,,,0,,27
900deliquio.ru.com,,0,,False,,,0,,18
900deliquio.ru.com,,0,,False,,,0,,18
.bio.site,,0,,False,,,0,,9
900deliquio.ru.com,,0,,False,,,0,,18
900deliquio.ru.com,,0,,False,,,0,,18
.commbanklnternetbanking.com,,0,3,False,,,0,,28
.aib-termwebsettings.com,,0,3,False,,,0,,24
.amzoz.bio,,0,,False,,,0,,10
.login-reset-au.com,,0,1,False,,,0,,19
9yerbeados.sa.com,91.209.70.247,0,,True,,[augustus.ns.cloudflare.com, laura.ns.cloudflare.com],0,200,17
9yerbeados.sa.com,91.209.70.247,0,,True,,[augustus.ns.cloudflare.com, laura.ns.cloudflare.com],0,200,17
hello-world-orange-water-7a0a.bsouzla.workers.dev,172.67.143.26,0,,True,,,0,200,49
atupdtadetverificatin.godaddysites.com,13.248.243.5,0,3510,True,,,0,200,38
.cbepltd.com,,0,961,False,,,0,,12
.trafalgaram.com,,0,4383,False,,,0,,16
michelenfantbenide.wixsite.com,34.117.60.144,0,,False,,,0,404,30
wpscursao0--namir1231.repl.co,34.149.204.188,0,,False,,,0,404,29
file-drive-rl.uk.r.appspot.com,108.177.120.153,0,,True,,,0,200,30
7h5whx.freeddns.com,43.153.176.66,0,7915,True,,[ns1.changeip.org, ns2.changeip.org],0,200,19
hxvv2t.webwave.dev,45.79.147.190,0,1582,True,,,0,200,18
3poszs.vizvaz.com,43.153.176.66,0,8137,True,,[ns1.changeip.org, ns2.changeip.org],0,200,17
.kadikoytimes.com,,0,1,False,,,0,,17
05wwu2.jetos.com,43.153.176.66,0,8123,True,,[ns2.changeip.org, ns1.changeip.org],0,200,16
pub-e9b1ffb3ecaf4416b4f40d71a6293787.r2.dev,104.18.3.35,0,311,False,,,0,404,43
pub-713a6cc1335d4ba1b83057a9bd89b15a.r2.dev,104.18.2.35,0,311,False,,,0,404,43
.cheopspl.com,,0,676,False,,,0,,13
.crepman.gov.mz,,0,,False,,,0,,15
.crepman.gov.mz,,0,,False,,,0,,15
p1.87-120-88-93.cprapid.com,87.120.88.93,0,1505,True,,,0,200,27
outlookl--fr.weebly.com,199.34.228.53,0,6302,False,,,0,404,23
pub-94ddfb286ddd4f1ea86b6d637056f160.r2.dev,104.18.3.35,0,311,False,,,0,404,43
pub-411c3b2f7aa84062822e3b0a2b1e2e50.r2.dev,104.18.3.35,0,311,False,,,0,404,43
.cheopspl.com,,0,676,False,,,0,,13
z.barclayis.co,152.32.192.238,0,22,False,,,0,,14
pub-75bbdc3de10940458769fe134fec7098.r2.dev,104.18.2.35,0,311,False,,,0,404,43
s6h.813.myftpupload.com,160.153.138.178,0,3824,False,,,0,404,23
.paypawsk.icu,,0,3,False,,,0,,13
.payskmck.icu,,0,3,False,,,0,,13
.nydglobal.com,,0,449,False,,,0,,14
.blockchainbreasts.com,,0,674,False,,,0,,22
dhl.id-0fe450fe45s354e.heoreviews.com,185.38.142.230,0,386,True,,,0,200,37
cz73260.tw1.ru,5.23.50.56,0,6209,False,,[ns1.timeweb.ru, ns2.timeweb.ru, ns4.timeweb.org, ns3.timeweb.org],0,,14
vthpsxu6evzd.barclayis.co,152.32.192.238,0,22,False,,,0,,25
comms5103.z1.web.core.windows.net,20.60.162.228,0,10186,True,,,0,200,33
docs.google.com,173.194.193.138,0,9419,True,,,0,200,15
fez-krrdbo6imq-uc.a.run.app,216.239.38.53,0,,False,,,0,403,27
docs.google.com,173.194.193.138,0,9419,True,,,0,200,15
srv193223.hoster-test.ru,31.28.24.131,0,5294,False,,[ns10.hoster.ru, ns11.hoster.ru],0,,24
5w5tjp.barclayis.co,152.32.192.238,0,22,False,,,0,,19
1ra01jnx5ht8hetkgvdewcxvyil3.barclayis.co,152.32.192.238,0,22,False,,,0,,41
xvplsbvcn.barclayis.co,152.32.192.238,0,22,False,,,0,,22
auievhw6k5cs6yv8a.barclayis.co,152.32.192.238,0,22,False,,,0,,30
dhl.de.0d5f1503ef43sd.appdroidinc.com,185.38.142.230,0,1370,True,,,0,200,37
ssooh1.wixsite.com,34.117.60.144,0,,False,,,0,404,18
jqhbaogja.barclayis.co,152.32.192.238,0,22,False,,,0,,22
docs.google.com,173.194.193.138,0,9419,True,,,0,200,15
docs.google.com,173.194.193.138,0,9419,True,,,0,200,15
docs.google.com,173.194.193.138,0,9419,True,,,0,200,15
.jmspza.cc,,0,2,False,,,0,,10
.proixc.com,,0,3,False,,,0,,11
qpkkv0ntdznxyo0cstwwjmowizaut.barclayis.co,152.32.192.238,0,22,False,,,0,,42
.aletadas.com,,0,5,False,,,0,,13
sptfvryfumntsdocmbtpo-spflanqitui-potlloytiua.qoirpej.com,162.240.108.163,0,2,True,,,0,200,57
smptosleoitp-slorpoxlahelp-aksieuhaoq.qirutyr.com,162.240.108.163,0,2,True,,,0,200,49
stimulirs.firebaseapp.com,199.36.158.100,0,,True,,,0,200,25
stimirs.firebaseapp.com,199.36.158.100,0,,True,,,0,200,23
sign-pages-tax-refound.prosearias.com,52.91.55.111,0,3,True,,,0,200,37
.ecfenterprises.com.au,,0,,False,,,0,,22
tax-team-support-return.cohibis.com,52.91.55.111,0,3,True,,,0,200,35
apsmnthrpsdcmtbbsp-slebbpotlewbe-pooqlpolr.qoirutp.com,162.240.108.163,0,2,True,,,0,200,54
5dslawncareinc-1318439371.cos.ap-seoul.myqcloud.com,119.28.148.172,0,3719,False,,,0,403,51
.connexionlbc.fr,,0,316,False,,,0,,16
clientzone.customer-active24.net,104.21.12.54,0,11,False,,,0,403,32
.nest-pl.com,,0,9,False,,,0,,12
.nest-pl.com,,0,9,False,,,0,,12
.nest-pl.com,,0,9,False,,,0,,12
docs.google.com,173.194.193.138,0,9419,True,,,0,200,15
.vietpopradio.com,,0,227,False,,,0,,17
4z303y.mrslove.com,43.153.176.66,0,8094,True,,[ns2.changeip.org, ns1.changeip.org],0,200,18
.videogamesliveparis.com,,0,89,False,,,0,,24
0gtebr.freeddns.com,43.153.176.66,0,7915,True,,[ns1.changeip.org, ns2.changeip.org],0,200,19
.nathanielcotton.com,,0,280,False,,,0,,20
913ocu.myddns.com,43.153.176.66,0,7915,True,,[ns2.changeip.org, ns1.changeip.org],0,200,17
.zpr.io,,0,3882,False,,,0,,7
.dermatologiamedina.com,,0,1,False,,,0,,23
5xphbk.serveusers.com,43.153.176.66,0,8063,True,,[ns2.changeip.org, ns1.changeip.org],0,200,21
.gghtx.org,,0,1,False,,,0,,10
.rzrshaving.com,,0,89,False,,,0,,15
.samsung-firmwares.com,,0,89,False,,,0,,22
.gloobal-bank.com,,0,205,False,,,0,,17
.gghtx.org,,0,1,False,,,0,,10
.danddadventures.com,,0,288,False,,,0,,20
kundlesbbkannto2.tempurl.host,,0,,False,,,0,,29
.cheaptoarizona.com,,0,310,False,,,0,,19
.dronepiyasasi.com,,0,63,False,,,0,,18
.bundes-finanz-ministerium.com,,0,77,False,,,0,,30
.oldbankdvd.com,,0,205,False,,,0,,15
aq521s.freetcp.com,43.153.176.66,0,7988,True,,[ns2.changeip.org, ns1.changeip.org],0,200,18
app.getresponse.com,104.160.64.9,0,9035,True,,,0,200,19
6fuatq.qpoe.com,43.153.176.66,0,8123,True,,[ns2.changeip.org, ns1.changeip.org],0,200,15
ueestw.serveuser.com,43.153.176.66,0,8056,True,,[ns1.changeip.org, ns2.changeip.org],0,200,20
sp700006.sitebeat.crazydomains.com,103.67.235.120,0,7871,True,,,0,200,34
rg1g3a.vizvaz.com,43.153.176.66,0,8137,True,,[ns1.changeip.org, ns2.changeip.org],0,200,17
categories.telemart.pk,172.67.195.207,0,,True,,,0,200,22
fp8ry1.qhigh.com,43.153.176.66,0,8123,True,,[ns2.changeip.org, ns1.changeip.org],0,200,16
a1imrv.mrface.com,43.153.176.66,0,8400,True,,[ns1.changeip.org, ns2.changeip.org],0,200,17
irscontactusa.moquen.com,162.240.108.74,0,3,True,,,0,200,24
information.3731038.logisticsdrift.click,167.172.79.22,0,,True,,,0,200,40
member.garena.io.vn,109.123.233.199,0,,True,,,0,200,19
irs-taxreport.dynnamn.ru,103.210.54.3,0,1382,True,,,0,200,24
redelivery.dhl-submit-parcel.com,45.143.201.203,0,1,True,,,0,,32
www.shual-f.org.il,104.21.13.187,0,,True,,,0,200,18
pemblokiran-facebookrpkguqq.webppphpp.my.id,172.67.135.2,0,4,False,,,0,200,43
objectstorage.sa-saopaulo-1.oraclecloud.com,134.70.84.3,0,5237,False,,,0,,43
cu84610.tw1.ru,5.23.50.56,0,6209,False,,[ns3.timeweb.org, ns2.timeweb.ru, ns1.timeweb.ru, ns4.timeweb.org],0,,14
ci78259.tw1.ru,5.23.50.56,0,6209,False,,[ns4.timeweb.org, ns1.timeweb.ru, ns3.timeweb.org, ns2.timeweb.ru],0,,14
cu84610.tw1.ru,5.23.50.56,0,6209,False,,[ns3.timeweb.org, ns2.timeweb.ru, ns4.timeweb.org, ns1.timeweb.ru],0,,14
ci78259.tw1.ru,5.23.50.56,0,6209,False,,[ns1.timeweb.ru, ns4.timeweb.org, ns2.timeweb.ru, ns3.timeweb.org],0,,14
pemblokiran-facebookrpkguqq.webppphpp.my.id,172.67.135.2,0,4,False,,,0,200,43
